id,teamId,teamRank,teamTotal,shard,dbnos,assists,boosts,damageDealt,deathType,headshotKills,heals,killPlace,killStreaks,kills,longestKill,name,playerId,revives,rideDistance,roadKills,swimDistance,teamKills,timeSurvived,vehicleDestroys,walkDistance,weaponsAcquired,winPlace,mainWeapon
6,3,1,18,steam,9,1,0,786.828,alive,3,0,1,4,10,206.023,W0CAOWUQING,account.150b6a9d5f5646a9bafba4d823d0df8a,0,6659.2,0,0.0,0,964,0,1036.88,9,1,WeapMini14_C
7,11,1,17,steam,3,1,2,602.942,alive,1,0,2,1,5,273.876,W0CAOWUQING,account.150b6a9d5f5646a9bafba4d823d0df8a,0,9998.3,0,0.0,0,1022,0,960.618,4,1,WeapMini14_C
6,15,1,16,steam,9,0,0,797.226,alive,3,0,1,3,9,154.701,W0CAOWUQING,account.150b6a9d5f5646a9bafba4d823d0df8a,0,6203.56,0,0.0,0,922,0,577.379,2,1,WeapMk47Mutant_C
8,10,1,16,steam,4,2,5,402.945,alive,1,1,7,1,3,207.424,W0CAOWUQING,account.150b6a9d5f5646a9bafba4d823d0df8a,0,7486.56,0,0.0,0,810,0,656.68,3,1,WeapBerylM762_C
5,17,1,17,steam,5,2,0,466.06,alive,1,0,3,1,5,395.212,W0CAOWUQING,account.150b6a9d5f5646a9bafba4d823d0df8a,0,9807.18,0,0.0,0,1158,0,1098.0,4,1,WeapMini14_C
4,3,1,18,steam,1,9,2,91.874,alive,1,0,13,1,1,25.6977,Yy309084_ShYlie,account.0deaf5ae27204aac8e255d28c8f8de19,0,6719.73,0,0.0,0,964,0,915.728,3,1,WeapBerylM762_C
5,11,1,17,steam,1,3,1,47.6438,alive,0,0,6,1,3,276.876,Yy309084_ShYlie,account.0deaf5ae27204aac8e255d28c8f8de19,0,10440.7,0,0.0,0,1015,0,767.308,3,1,WeapMini14_C
1,15,1,16,steam,3,5,2,217.74,alive,2,0,6,1,3,175.747,Yy309084_ShYlie,account.0deaf5ae27204aac8e255d28c8f8de19,0,6297.48,0,0.0,0,1056,0,509.877,5,1,WeapMk12_C
7,10,1,16,steam,1,1,1,128.2,alive,1,1,13,1,1,56.5237,Yy309084_ShYlie,account.0deaf5ae27204aac8e255d28c8f8de19,0,1827.0,0,0.0,0,417,0,596.208,4,1,WeapAK47_C
4,17,1,17,steam,2,5,1,224.162,alive,1,0,8,1,2,95.1691,Yy309084_ShYlie,account.0deaf5ae27204aac8e255d28c8f8de19,0,9749.9,0,0.0,0,1190,0,1159.37,2,1,WeapAK47_C
49,7,1,16,steam,3,4,2,312.46,alive,2,1,10,1,2,57.978,V50_YingBangBang,account.c752174138bf4a9d83368e1756822cc6,0,3241.59,0,0.0,0,1453,0,1576.72,4,1,WeapMini14_C
51,14,1,16,steam,2,3,9,285.0,alive,0,0,6,1,4,192.302,V50_YingBangBang,account.c752174138bf4a9d83368e1756822cc6,0,10448.7,0,0.0,0,1258,0,744.852,4,1,WeapMini14_C
42,7,1,17,steam,1,3,3,220.985,alive,0,0,10,1,2,295.202,V50_YingBangBang,account.c752174138bf4a9d83368e1756822cc6,0,7291.43,0,0.0,0,1523,0,1654.9,6,1,WeapMini14_C
47,11,1,16,steam,3,2,5,318.069,alive,2,3,3,1,4,167.563,V50_YingBangBang,account.c752174138bf4a9d83368e1756822cc6,0,4997.55,0,0.0,0,1243,0,1531.89,8,1,WeapFNFal_C
33,7,1,16,steam,4,2,1,523.248,byzone,0,1,6,2,3,70.6333,V50_BangBangYing,account.6c3c4cc50577445ab7b337609296192e,1,1644.48,0,0.0,0,942,0,1297.32,2,8,WeapMini14_C
23,14,1,16,steam,4,4,6,602.189,alive,3,0,5,2,5,106.055,V50_BangBangYing,account.6c3c4cc50577445ab7b337609296192e,0,10388.8,0,0.0,0,1313,1,858.553,4,1,WeapBerylM762_C
24,7,1,17,steam,4,3,5,339.779,alive,2,6,9,2,2,84.5536,V50_BangBangYing,account.6c3c4cc50577445ab7b337609296192e,1,7124.21,0,0.0,0,1524,0,1570.79,3,1,WeapACE32_C
17,6,1,18,steam,7,4,2,775.835,alive,2,1,1,2,6,127.812,V50_BangBangYing,account.6c3c4cc50577445ab7b337609296192e,0,7042.75,0,0.0,0,1267,0,1540.1,2,1,WeapFNFal_C
37,12,1,17,steam,3,2,7,980.223,alive,0,4,3,2,4,37.1322,GangBang-,account.925d9b1aafad4404a7da7611d2d8337c,2,5902.83,0,0.0,0,1883,1,1087.0,4,1,WeapMini14_C
40,12,1,16,steam,4,1,7,569.471,alive,0,1,6,2,3,64.7164,GangBang-,account.925d9b1aafad4404a7da7611d2d8337c,0,7483.73,0,0.0,0,1849,0,1314.53,4,1,WeapMk12_C
39,7,1,17,steam,7,4,4,1091.99,alive,1,1,3,2,5,283.828,GangBang-,account.925d9b1aafad4404a7da7611d2d8337c,0,4482.75,0,0.0,0,1580,0,927.274,4,1,WeapMini14_C
39,17,1,18,steam,3,1,6,894.786,alive,1,4,4,2,3,28.7119,GangBang-,account.925d9b1aafad4404a7da7611d2d8337c,0,4908.06,0,0.0,0,1820,0,1537.03,5,1,WeapMini14_C
1,11,1,16,steam,2,6,12,632.131,alive,0,7,5,1,3,242.228,7uuuuuuuuuuuuu00,account.03dc93881a214f22bfe208a8cd2946d0,0,9012.23,0,0.0,0,1698,2,1497.93,3,1,WeapMk12_C
1,8,1,13,steam,3,6,7,725.68,alive,0,0,8,1,2,46.8403,7uuuuuuuuuuuuu00,account.03dc93881a214f22bfe208a8cd2946d0,0,4739.39,0,0.0,0,1856,0,1547.75,8,1,WeapFNFal_C
2,3,1,17,steam,3,6,5,583.153,alive,0,2,3,1,4,449.63,7uuuuuuuuuuuuu00,account.03dc93881a214f22bfe208a8cd2946d0,2,2955.69,0,0.0,0,1657,0,1380.32,3,1,WeapFNFal_C
51,13,1,16,steam,2,3,11,404.108,alive,1,4,8,1,2,178.583,GXFC_99uan,account.c185d151946943c883b55fbe7369d3bb,1,1772.39,0,0.0,0,1684,0,2602.19,6,1,WeapFNFal_C
38,14,1,17,steam,1,4,9,452.633,alive,2,3,2,1,5,76.4807,GXFC_99uan,account.c185d151946943c883b55fbe7369d3bb,2,797.499,0,0.0,0,1298,0,2070.74,4,1,WeapBerylM762_C
49,15,1,18,steam,8,0,10,603.334,alive,2,3,2,3,6,70.2756,GXFC_99uan,account.c185d151946943c883b55fbe7369d3bb,3,5704.26,0,0.0,0,1613,0,2084.68,7,1,WeapFNFal_C
46,5,1,17,steam,2,5,5,314.048,alive,0,4,6,1,3,63.1259,GXFC_99uan,account.c185d151946943c883b55fbe7369d3bb,0,6133.45,0,0.0,0,1474,0,1851.68,10,1,WeapAUG_C
52,13,1,16,steam,5,5,5,710.464,alive,0,1,4,1,4,337.584,iiyan_-,account.cae14fba1c4b420b955d27935675763c,0,4029.84,0,0.0,0,1172,0,1946.53,4,1,WeapMini14_C
51,16,1,16,steam,6,3,2,717.93,alive,4,0,3,2,6,323.638,iiyan_-,account.cae14fba1c4b420b955d27935675763c,0,5579.4,0,0.0,0,1347,0,1133.0,8,1,WeapHK416_C
52,15,1,16,steam,1,3,2,224.628,alive,1,1,11,1,1,33.6764,iiyan_-,account.cae14fba1c4b420b955d27935675763c,0,4616.15,0,0.0,0,809,0,1059.86,3,1,WeapHK416_C
49,5,1,17,steam,1,3,6,373.753,alive,1,7,3,1,3,47.594,iiyan_-,account.cae14fba1c4b420b955d27935675763c,0,8049.89,0,0.0,0,968,0,956.507,6,1,WeapHK416_C
52,10,1,17,steam,9,2,10,874.083,alive,6,3,1,2,7,201.573,iiyan_-,account.cae14fba1c4b420b955d27935675763c,0,3682.65,0,0.0,0,1557,1,1481.61,7,1,WeapMini14_C
54,10,1,16,steam,5,3,5,343.837,alive,4,2,1,1,6,280.344,GK888GK,account.e00d89873f774374afb38ad52e586d71,0,11486.8,0,0.0,0,1247,0,1471.58,4,1,WeapBerylM762_C
49,10,1,18,steam,3,3,2,350.63,alive,2,0,3,2,4,254.366,GK888GK,account.e00d89873f774374afb38ad52e586d71,0,5990.8,0,0.0,0,1449,0,1400.75,2,1,WeapSCAR-L_C
49,4,1,16,steam,4,3,1,458.24,alive,1,0,3,1,4,173.82,GK888GK,account.e00d89873f774374afb38ad52e586d71,0,5883.12,0,0.0,0,1381,0,1175.06,3,1,WeapHK416_C
54,13,1,16,steam,2,4,2,301.725,alive,1,0,11,1,2,120.846,GK888GK,account.e00d89873f774374afb38ad52e586d71,0,4455.18,0,0.0,0,1258,2,1313.18,4,1,WeapMini14_C
52,15,1,16,steam,3,6,1,226.926,byplayer,1,0,12,1,2,242.594,GK888GK,account.e00d89873f774374afb38ad52e586d71,0,6808.12,0,0.0,0,1318,0,1437.5,8,7,WeapMini14_C
29,9,1,16,steam,2,3,2,327.995,alive,1,2,11,1,2,76.2598,3itt,account.713feda39ee34ea3bf28367d0f08d168,0,3888.67,0,0.0,0,631,0,521.137,5,1,WeapHK416_C
26,13,1,19,steam,1,2,7,68.5499,alive,0,10,13,1,1,33.2282,3itt,account.713feda39ee34ea3bf28367d0f08d168,0,4388.3,0,0.0,0,923,0,1275.72,7,1,WeapHK416_C
6,10,1,16,steam,7,3,6,739.284,alive,0,4,3,2,5,57.9878,TAEIL-H-,account.2e3e35371b9c461d93144a1af9e18d0c,2,3415.11,0,0.0,0,1863,1,1993.04,6,1,WeapMk12_C
18,7,1,16,steam,4,5,12,779.303,alive,2,3,1,2,7,118.548,TAEIL-H-,account.2e3e35371b9c461d93144a1af9e18d0c,1,4596.02,0,0.0,0,1686,0,2431.82,10,1,WeapMk12_C
10,3,1,15,steam,5,1,12,1111.73,alive,0,5,1,2,7,203.579,TAEIL-H-,account.2e3e35371b9c461d93144a1af9e18d0c,1,3253.55,0,0.0,0,1716,0,1611.57,8,1,WeapMk12_C
14,8,1,17,steam,3,3,18,939.962,alive,1,9,2,2,5,112.751,TAEIL-H-,account.2e3e35371b9c461d93144a1af9e18d0c,3,2556.0,0,0.0,0,1801,0,2622.64,7,1,WeapMk12_C
15,12,1,17,steam,9,5,15,1154.21,alive,3,3,1,2,10,214.537,TAEIL-H-,account.2e3e35371b9c461d93144a1af9e18d0c,1,7041.27,0,0.0,0,1841,1,1432.29,10,1,WeapMk12_C
50,14,1,16,steam,2,2,14,617.841,alive,1,1,2,1,5,329.693,HUYA-383907BMZ,account.c66b1886b8274a2a9c05936e4a456593,1,1303.23,0,0.0,0,1658,0,1705.42,7,1,WeapMini14_C
47,4,1,16,steam,5,1,12,742.183,alive,2,1,2,2,5,188.527,HUYA-383907BMZ,account.c66b1886b8274a2a9c05936e4a456593,1,3859.02,0,0.0,0,1781,0,2110.68,7,1,WeapMini14_C
43,18,1,19,steam,7,3,12,761.455,alive,1,7,1,1,6,142.095,HUYA-383907BMZ,account.c66b1886b8274a2a9c05936e4a456593,1,6268.08,0,0.0,0,1834,0,1460.7,8,1,WeapKar98k_C
48,3,1,15,steam,5,0,13,667.134,alive,1,0,4,1,4,167.65,HUYA-383907BMZ,account.c66b1886b8274a2a9c05936e4a456593,0,6180.1,0,0.0,1,1837,0,2472.02,5,1,WeapHK416_C
42,6,1,16,steam,4,2,8,700.167,alive,1,4,2,2,6,176.482,HUYA-383907BMZ,account.c66b1886b8274a2a9c05936e4a456593,2,5870.0,0,0.0,0,1819,0,2062.55,5,1,WeapFNFal_C
43,16,1,16,steam,4,3,12,563.911,alive,2,8,4,1,5,235.407,mantoubuxiaole,account.96492773211a4c43adf5dcc93378ec9c,0,2095.69,0,47.419,0,1435,0,2103.41,4,1,WeapMini14_C
40,9,1,17,steam,4,8,9,997.734,alive,2,5,1,2,6,516.318,mantoubuxiaole,account.96492773211a4c43adf5dcc93378ec9c,2,5326.71,0,0.0,0,1670,1,1948.1,5,1,WeapMini14_C
42,3,1,19,steam,4,1,5,426.834,alive,0,1,2,2,5,403.676,Mars_Kzzzzzz,account.ab56e1e1d76241748bb274b883f92f00,0,971.704,0,0.0,0,1568,0,890.826,3,1,WeapKar98k_C
46,17,1,17,steam,8,1,5,890.543,alive,5,3,1,2,7,193.144,Mars_Kzzzzzz,account.ab56e1e1d76241748bb274b883f92f00,1,8247.54,1,0.0,0,1763,0,1940.05,7,1,WeapGroza_C
39,13,1,16,steam,3,3,7,545.339,alive,1,3,3,1,4,193.795,GXFC_KongBa1,account.8c1ecbadbf6e4e69be20d1bd2d40688e,1,1629.24,0,0.0,0,1684,1,2702.2,6,1,WeapMini14_C
35,5,1,16,steam,2,6,10,428.32,alive,0,5,15,1,1,299.914,2SimLMT,account.993c4caff4934b6e896d489940e5c9ca,0,4880.05,0,0.0,0,1695,0,2192.38,4,1,WeapMk12_C
38,13,1,16,steam,2,4,8,879.067,alive,0,1,9,1,2,152.974,2SimLMT,account.993c4caff4934b6e896d489940e5c9ca,0,4284.13,0,0.0,0,1913,0,1359.57,2,1,WeapMk12_C
35,13,1,18,steam,4,0,9,760.041,alive,0,1,5,1,3,63.4821,2SimLMT,account.993c4caff4934b6e896d489940e5c9ca,1,5755.5,0,0.0,0,1859,0,2263.59,4,1,WeapHK416_C
33,13,1,16,steam,1,5,10,646.022,alive,1,7,14,1,1,22.4891,2SimLMT,account.993c4caff4934b6e896d489940e5c9ca,0,3311.33,0,0.0,0,811,2,1447.68,6,1,WeapMk12_C
38,12,1,17,steam,9,2,8,781.015,alive,4,3,1,1,6,308.168,2SimLMT,account.993c4caff4934b6e896d489940e5c9ca,0,3079.34,0,0.0,0,1826,0,1684.59,5,1,WeapMk12_C
49,6,1,16,steam,11,1,5,1294.28,alive,2,3,2,1,7,207.912,Sjy-_-i77,account.c11bf7d442c3458dbd0f3c24a848229e,1,6217.88,0,0.0,0,1678,0,1388.88,4,1,WeapMini14_C
38,9,1,14,steam,3,3,3,621.394,alive,0,0,4,1,4,88.1054,Sjy-_-i77,account.c11bf7d442c3458dbd0f3c24a848229e,0,8144.94,0,0.0,0,1437,0,941.454,3,1,WeapMini14_C
42,16,1,16,steam,4,4,10,442.666,alive,3,6,3,1,5,300.059,NiKe_oO,account.9507d06fb0d64722aa0a5edaeece55d7,5,2137.27,0,41.7542,0,1826,1,3034.42,6,1,WeapFNFal_C
39,9,1,17,steam,3,5,9,350.947,alive,0,7,4,1,4,510.138,NiKe_oO,account.9507d06fb0d64722aa0a5edaeece55d7,2,5395.59,0,0.0,0,1670,0,1793.22,4,1,WeapMini14_C
10,4,1,17,steam,4,4,8,629.008,alive,0,3,3,2,5,65.784,JH_yyyyyyy,account.1df4c7c16aaa4c579ba85723fc77deb1,1,7110.17,0,0.0,0,1814,0,1724.3,8,1,WeapMk14_C
7,11,1,18,steam,4,5,4,917.477,alive,0,2,2,2,6,192.003,JH_yyyyyyy,account.1df4c7c16aaa4c579ba85723fc77deb1,2,4792.81,0,0.0,0,1695,0,1514.5,8,1,WeapFNFal_C
13,7,1,16,steam,7,1,6,568.513,alive,1,1,2,2,8,474.45,JH_yyyyyyy,account.1df4c7c16aaa4c579ba85723fc77deb1,2,4023.95,0,0.0,0,1247,0,1420.75,6,1,WeapSKS_C
11,10,1,17,steam,4,2,11,578.212,alive,2,5,3,2,5,80.5404,JH_yyyyyyy,account.1df4c7c16aaa4c579ba85723fc77deb1,1,3299.53,0,0.0,0,1787,0,1782.92,6,1,WeapFNFal_C
58,5,1,15,steam,5,6,16,987.898,alive,0,4,4,1,4,54.4534,Amm_CaiBaonini,account.fb668492dd9040e6bc910946440c34da,2,2056.22,0,0.0,0,1839,0,3967.33,7,1,WeapMk14_C
59,7,1,15,steam,7,2,12,1040.45,alive,1,1,1,2,6,313.286,Amm_CaiBaonini,account.fb668492dd9040e6bc910946440c34da,4,3500.67,0,0.0,0,1644,0,2748.14,4,1,WeapMini14_C
58,18,1,19,steam,5,2,7,823.09,alive,1,2,3,1,5,181.264,Amm_CaiBaonini,account.fb668492dd9040e6bc910946440c34da,1,315.429,0,0.0,0,1856,0,1782.74,5,1,WeapMini14_C
59,17,1,18,steam,1,6,10,375.288,alive,0,4,14,1,1,21.6605,Amm_CaiBaonini,account.fb668492dd9040e6bc910946440c34da,0,2334.76,0,0.0,0,1147,0,1786.54,7,1,WeapBerylM762_C
53,14,1,18,steam,2,1,9,674.345,alive,2,1,3,1,4,269.708,y_wonjun,account.df0f1013224d43b0968204f568cd44c9,1,5800.7,0,0.0,0,1732,0,1829.68,5,1,WeapMk12_C
54,15,1,16,steam,5,0,2,819.432,alive,2,1,1,2,7,249.876,y_wonjun,account.df0f1013224d43b0968204f568cd44c9,1,8831.41,0,0.0,0,1639,0,1176.21,4,1,WeapSKS_C
50,12,1,18,steam,1,2,5,465.385,alive,0,0,13,1,1,6.65288,y_wonjun,account.df0f1013224d43b0968204f568cd44c9,0,3041.98,0,0.0,0,1440,1,1217.04,8,1,WeapAWM_C
34,8,1,15,steam,2,1,7,447.517,alive,1,2,2,2,5,661.594,Diiao_,account.950a850b3d55455a9ffd455ad953e2f7,0,3171.56,0,0.0,0,1373,0,1579.37,4,1,WeapHK416_C
26,15,1,16,steam,3,3,9,342.863,alive,3,2,4,1,3,118.977,3icb,account.7097c67162f5492f8c54da433be1fc3b,0,11185.5,0,0.0,0,1667,0,1271.39,4,1,WeapMini14_C
28,9,1,16,steam,3,5,7,256.424,alive,0,1,8,2,2,262.361,3icb,account.7097c67162f5492f8c54da433be1fc3b,1,8968.54,0,0.0,0,1546,0,1045.19,3,1,WeapFNFal_C
24,11,1,15,steam,0,2,10,156.131,alive,0,5,26,0,0,0.0,3icb,account.7097c67162f5492f8c54da433be1fc3b,1,5345.5,0,6.90308,0,1622,0,2811.1,3,1,WeapMini14_C
48,5,1,16,steam,5,2,9,853.983,alive,0,4,2,3,7,179.287,mmG_-Hy-26642424,account.c1da45587b1d4093b0b0c573ec17e0d0,1,2272.73,0,0.0,0,1823,0,3053.03,6,1,WeapMini14_C
54,12,1,17,steam,5,2,7,609.114,alive,2,5,4,2,4,164.596,mmG_-Hy-26642424,account.c1da45587b1d4093b0b0c573ec17e0d0,1,7169.11,0,0.0,0,1804,0,1570.65,2,1,WeapHK416_C
50,5,1,16,steam,3,5,11,785.239,alive,2,6,2,1,6,62.26,mmG_-Hy-26642424,account.c1da45587b1d4093b0b0c573ec17e0d0,3,4344.22,0,2.62495,0,1837,0,3758.12,6,1,WeapMG3_C
52,15,1,17,steam,1,3,8,481.472,alive,0,3,4,2,3,111.184,YuRe_Doi-G-P,account.cfcfb2c528cc46c4b802d6aa59e49c7a,0,3777.44,0,0.0,0,1651,0,1674.09,10,1,WeapBerylM762_C
48,14,1,16,steam,2,4,4,287.701,alive,0,3,7,1,2,27.105,YuRe_Doi-G-P,account.cfcfb2c528cc46c4b802d6aa59e49c7a,0,2045.37,0,0.0,0,1285,0,2313.52,3,1,WeapBerylM762_C
46,1,1,18,steam,3,1,8,479.697,alive,0,3,3,1,3,104.461,YuRe_Doi-G-P,account.cfcfb2c528cc46c4b802d6aa59e49c7a,2,3806.57,0,0.0,0,1508,1,2318.06,11,1,WeapFNFal_C
46,9,1,15,steam,4,2,7,496.935,alive,0,2,1,3,6,182.719,YuRe_Doi-G-P,account.cfcfb2c528cc46c4b802d6aa59e49c7a,2,5467.02,0,0.0,0,1399,1,1740.04,7,1,WeapBerylM762_C
52,10,1,19,steam,2,3,10,359.876,alive,2,2,7,1,3,296.811,YuRe_Doi-G-P,account.cfcfb2c528cc46c4b802d6aa59e49c7a,0,3449.51,0,0.0,0,1645,0,2070.5,8,1,WeapSKS_C
42,15,1,18,steam,4,3,9,608.062,alive,0,7,7,2,3,172.914,WOMEIYOUKAIGUAA6,account.bd638286b5644b79b03b148e0fdef74a,0,4701.71,0,0.0,0,1648,0,2473.41,5,1,WeapBerylM762_C
45,11,1,17,steam,0,2,2,431.519,alive,0,0,13,1,1,10.743,WOMEIYOUKAIGUAA6,account.bd638286b5644b79b03b148e0fdef74a,2,4101.78,0,0.0,0,1570,0,1687.04,4,1,WeapFNFal_C
44,19,1,21,steam,4,2,8,667.135,alive,0,11,9,1,2,285.768,WOMEIYOUKAIGUAA6,account.bd638286b5644b79b03b148e0fdef74a,1,3873.68,0,150.795,0,1634,0,1340.0,8,1,WeapFNFal_C
46,15,1,17,steam,2,2,3,295.395,alive,1,2,10,1,2,88.9125,WOMEIYOUKAIGUAA6,account.bd638286b5644b79b03b148e0fdef74a,1,3537.17,0,0.0,0,1580,0,1974.45,6,1,WeapFNFal_C
41,6,1,18,steam,3,1,6,493.982,alive,0,1,4,1,3,128.726,WOMEIYOUKAIGUAA6,account.bd638286b5644b79b03b148e0fdef74a,1,3584.57,0,14.1818,0,1764,0,2975.38,6,1,WeapFNFal_C
56,4,1,17,steam,6,0,8,867.929,alive,1,5,1,2,5,222.988,TrunamSs,account.e85e1f2e68144885a416ce39c292f9f6,1,3804.88,0,0.0,0,1871,0,2436.71,6,1,WeapMini14_C
51,13,1,15,steam,6,4,5,1083.53,alive,3,4,2,2,6,102.939,TrunamSs,account.e85e1f2e68144885a416ce39c292f9f6,2,4318.88,0,0.0,0,1728,0,1385.95,7,1,WeapMk12_C
54,12,1,15,steam,3,8,12,863.225,alive,1,4,13,1,1,4.59554,TrunamSs,account.e85e1f2e68144885a416ce39c292f9f6,1,3502.44,0,0.0,0,1876,1,2107.72,9,1,WeapMk12_C
52,16,1,16,steam,2,7,8,986.925,alive,0,3,2,1,5,129.779,GuXinx_x,account.b8548b3c23444ae2ac09adcfcae76092,3,2377.86,0,55.048,0,1826,0,3068.6,6,1,WeapFNFal_C
50,9,1,17,steam,5,1,5,486.855,alive,2,2,2,2,6,144.93,GuXinx_x,account.b8548b3c23444ae2ac09adcfcae76092,0,4641.79,0,0.0,0,1286,0,1951.29,6,1,WeapSKS_C
2,11,1,16,steam,0,4,8,59.9971,alive,0,2,16,1,1,81.0939,3itc,account.05923c88a59c471697fda1ae3017d367,0,6857.97,0,0.0,0,1639,0,1352.72,3,1,WeapMk12_C
2,15,1,16,steam,0,5,12,111.349,alive,0,5,29,0,0,0.0,3itc,account.05923c88a59c471697fda1ae3017d367,0,6691.19,0,0.0,0,1628,0,1275.6,5,1,WeapMk12_C
3,9,1,16,steam,1,3,3,96.6674,alive,2,1,10,1,2,203.971,3itc,account.05923c88a59c471697fda1ae3017d367,0,6160.51,0,0.0,0,1514,0,751.026,4,1,WeapMini14_C
1,13,1,19,steam,0,4,11,266.32,alive,0,16,7,1,2,37.2568,3itc,account.05923c88a59c471697fda1ae3017d367,1,6615.55,0,0.0,0,1848,0,1566.49,4,1,WeapMk12_C
53,11,1,16,steam,4,7,8,867.666,alive,3,11,2,1,5,305.914,8090_-fatsaoGG,account.e4486bc56f274f63ab6619232b7f3c0a,0,6645.28,0,0.0,0,1481,0,2451.9,9,1,WeapMini14_C
55,13,1,17,steam,3,4,9,453.019,alive,2,7,3,2,5,87.1917,8090_-fatsaoGG,account.e4486bc56f274f63ab6619232b7f3c0a,2,6527.23,0,0.0,0,1887,0,2211.28,5,1,WeapMini14_C
62,3,1,16,steam,9,2,7,1003.19,alive,5,2,2,3,8,56.9893,Yzk_762,account.ff16d7758d72440cbc39d5ea6be27e98,0,2578.03,0,0.0,0,1874,0,2176.04,9,1,WeapMini14_C
39,9,1,12,steam,4,1,8,855.833,alive,0,3,2,1,6,342.845,Yzk_762,account.ff16d7758d72440cbc39d5ea6be27e98,3,7919.48,1,0.0,0,1704,0,1808.29,5,1,WeapMini14_C
60,17,1,18,steam,1,2,1,102.0,alive,1,0,13,1,1,48.1731,Yzk_762,account.ff16d7758d72440cbc39d5ea6be27e98,0,3049.95,0,0.0,0,619,0,650.905,5,1,WeapBerylM762_C
62,16,1,19,steam,2,2,2,258.077,alive,0,1,9,1,2,29.8586,Yzk_762,account.ff16d7758d72440cbc39d5ea6be27e98,1,4481.66,0,0.0,0,846,0,789.338,4,1,WeapHK416_C
10,8,1,16,steam,0,2,3,279.299,alive,0,3,23,0,0,0.0,ChunFengOvO_,account.21817aa71f9d443e83d3af51d9856333,1,1484.66,0,0.0,0,1857,0,1854.72,4,1,WeapFNFal_C
10,11,1,18,steam,2,5,6,390.694,alive,0,3,5,1,3,238.765,ChunFengOvO_,account.21817aa71f9d443e83d3af51d9856333,0,2956.28,0,0.0,0,1719,0,2122.77,6,1,WeapAWM_C
11,14,1,17,steam,6,4,5,901.859,alive,4,11,1,2,8,239.33,ChunFengOvO_,account.21817aa71f9d443e83d3af51d9856333,2,8021.0,0,0.0,0,1786,0,1531.71,6,1,WeapACE32_C
8,5,1,16,steam,6,3,7,902.969,alive,4,2,3,2,5,200.714,ChunFengOvO_,account.21817aa71f9d443e83d3af51d9856333,1,6955.06,0,0.0,0,1520,0,1494.55,8,1,WeapKar98k_C
7,9,1,17,steam,0,7,4,220.216,alive,0,1,13,1,1,53.206,ChunFengOvO_,account.21817aa71f9d443e83d3af51d9856333,0,8502.12,0,0.0,0,1203,0,1153.21,4,1,WeapSKS_C
22,15,1,17,steam,0,0,2,28.416,byplayer,0,1,52,0,0,0.0,YuRe_Xz,account.6567817a66c94be7bf374d0f0eb18be0,0,3004.52,0,0.0,0,803,0,448.728,5,16,WeapFNFal_C
22,14,1,16,steam,6,2,12,812.542,alive,2,8,1,3,8,130.302,YuRe_Xz,account.6567817a66c94be7bf374d0f0eb18be0,3,5390.53,0,0.0,0,1847,2,3227.06,11,1,WeapBerylM762_C
27,1,1,18,steam,3,2,9,655.426,alive,0,7,6,1,2,52.0912,YuRe_Xz,account.6567817a66c94be7bf374d0f0eb18be0,0,3478.86,0,0.0,0,1508,0,2850.77,7,1,WeapKar98k_C
26,9,1,15,steam,2,1,2,210.891,alive,0,0,13,1,1,33.3452,YuRe_Xz,account.6567817a66c94be7bf374d0f0eb18be0,0,4523.39,0,0.0,0,754,0,1063.01,4,1,WeapHK416_C
24,11,1,20,steam,5,4,12,1035.57,alive,2,12,1,2,9,695.725,YuRe_Xz,account.6567817a66c94be7bf374d0f0eb18be0,0,4282.53,0,0.0,0,1678,0,2488.16,6,1,WeapHK416_C
36,2,1,17,steam,3,2,5,724.033,alive,0,3,19,1,1,56.3191,Be1s_,account.86e20be15ae04f8fbb9346378c4d8a06,0,2247.38,0,0.0,0,1645,1,1270.8,9,1,WeapMk14_C
34,10,1,17,steam,4,1,6,585.32,alive,1,4,5,2,4,373.857,Be1s_,account.86e20be15ae04f8fbb9346378c4d8a06,0,2251.69,0,0.0,0,1591,0,2181.53,6,1,WeapFNFal_C
31,18,1,18,steam,1,0,5,366.786,alive,0,3,6,1,2,165.078,Be1s_,account.86e20be15ae04f8fbb9346378c4d8a06,0,6445.93,0,0.0,0,1608,1,1635.71,9,1,WeapFNFal_C
35,2,1,17,steam,4,2,8,687.451,alive,1,8,5,2,3,26.0607,Be1s_,account.86e20be15ae04f8fbb9346378c4d8a06,4,4697.46,0,0.0,0,1698,0,2583.05,5,1,WeapFNFal_C
30,1,1,18,steam,4,4,2,599.78,alive,0,0,5,1,2,300.59,Be1s_,account.86e20be15ae04f8fbb9346378c4d8a06,0,4454.03,0,0.0,0,1533,0,2369.65,6,1,WeapSKS_C
19,10,1,16,steam,5,0,4,440.739,alive,2,3,3,3,5,76.0933,OMG-_dahai,account.579f767be0d64bd6860eca34e5f6fe80,1,1360.18,0,0.0,0,1243,1,2112.07,5,1,WeapBerylM762_C
20,14,1,18,steam,3,4,9,510.866,alive,0,2,3,1,4,179.651,OMG-_dahai,account.579f767be0d64bd6860eca34e5f6fe80,0,4468.88,0,0.0,0,1279,0,2032.43,7,1,WeapMG3_C
15,8,1,17,steam,5,6,8,1179.33,alive,0,4,28,0,0,0.0,OMG-_dahai,account.579f767be0d64bd6860eca34e5f6fe80,1,2892.4,0,0.0,0,1606,1,1879.28,6,1,WeapFNFal_C
43,11,1,15,steam,0,0,2,0.0,alive,0,0,25,0,0,0.0,vogt_____,account.c6b59608e87a4d26987958fef4190855,0,4104.74,0,0.0,0,1412,0,635.014,6,1,
81,3,1,32,steam,3,1,4,150.549,alive,0,5,7,1,3,53.4677,vogt_____,account.c6b59608e87a4d26987958fef4190855,1,1966.87,0,67.3903,0,1140,0,2080.73,5,1,WeapP90_C
66,5,1,32,steam,3,3,3,283.538,alive,1,3,7,1,3,82.5109,vogt_____,account.c6b59608e87a4d26987958fef4190855,0,158.009,0,197.41,0,1222,0,2225.7,13,1,WeapMk14_C
74,11,1,29,steam,3,2,5,365.06,alive,1,3,4,2,4,68.7387,vogt_____,account.c6b59608e87a4d26987958fef4190855,2,553.986,0,0.0,0,1379,0,1901.3,5,1,WeapMG3_C
26,3,1,16,steam,2,1,13,358.386,alive,0,0,8,1,2,285.866,areaclear,account.8483b971565944a0ab652ce572623a99,0,3212.74,0,0.0,0,1637,0,1486.09,6,1,WeapMk12_C
30,13,1,18,steam,3,3,12,752.59,alive,2,6,5,2,3,69.2791,areaclear,account.8483b971565944a0ab652ce572623a99,0,7557.15,0,0.0,0,1910,0,1029.2,6,1,WeapMk12_C
30,10,1,15,steam,1,3,8,1018.44,alive,0,3,16,1,1,79.665,areaclear,account.8483b971565944a0ab652ce572623a99,0,2850.22,0,0.0,0,1757,2,1357.3,5,1,WeapMk12_C
44,5,1,16,steam,6,2,11,1124.02,alive,1,0,2,2,5,152.674,areaclear,account.8483b971565944a0ab652ce572623a99,1,4072.25,0,0.0,0,1674,0,1968.16,4,1,WeapMk12_C
3,13,1,16,steam,3,2,15,778.947,alive,0,3,2,1,5,63.2676,EunLMT,account.0322ad2fafb64c35b6c39ab7bffffa26,2,2237.36,0,0.0,0,1888,0,1771.5,5,1,WeapHK416_C
1,14,1,15,steam,3,1,10,788.542,alive,1,4,4,2,3,39.3191,EunLMT,account.0322ad2fafb64c35b6c39ab7bffffa26,1,4908.63,0,0.0,0,1899,0,2818.53,5,1,WeapMk12_C
1,7,1,16,steam,0,0,2,18.9,alive,0,0,23,0,0,0.0,EunLMT,account.0322ad2fafb64c35b6c39ab7bffffa26,0,1845.03,0,0.0,0,446,0,446.218,3,1,WeapSCAR-L_C
2,8,1,16,steam,3,0,12,572.273,alive,1,1,3,3,4,111.721,EunLMT,account.0322ad2fafb64c35b6c39ab7bffffa26,1,4745.8,0,0.0,0,1660,0,2306.12,4,1,WeapMini14_C
57,10,1,15,steam,0,1,10,395.869,alive,0,2,2,1,4,523.277,Q1n9_Aze,account.f13ac48eb03d4136a06aad69145f9eae,2,4507.14,0,18.0706,0,1849,0,2538.18,5,1,WeapKar98k_C
26,2,1,17,steam,3,0,7,377.617,logout,2,4,5,1,3,162.075,Mengge25tou,account.6e6931125ce745d19ed5e17e1f7916a1,2,4363.34,0,0.0,0,1685,0,1492.17,4,3,WeapBerylM762_C
25,9,1,16,steam,0,1,2,0.0,alive,0,0,29,0,0,0.0,Mengge25tou,account.6e6931125ce745d19ed5e17e1f7916a1,0,0.0,0,0.0,0,478,0,1302.6,4,1,WeapFNFal_C
28,10,1,18,steam,4,5,6,525.985,alive,2,2,5,1,4,134.952,Mengge25tou,account.6e6931125ce745d19ed5e17e1f7916a1,0,3401.53,0,0.0,0,1674,0,2329.11,7,1,WeapBerylM762_C
30,3,1,17,steam,9,4,6,798.89,alive,1,2,1,2,7,170.962,Mengge25tou,account.6e6931125ce745d19ed5e17e1f7916a1,2,6386.84,0,0.0,0,1811,0,2077.42,5,1,WeapSKS_C
27,9,1,16,steam,2,0,5,299.496,alive,0,1,7,1,2,320.55,Mengge25tou,account.6e6931125ce745d19ed5e17e1f7916a1,1,2516.66,0,0.0,0,1743,0,2015.0,5,1,WeapFNFal_C
35,15,1,18,steam,3,2,11,477.341,alive,1,3,3,1,5,46.5962,ii_x7,account.9a553842a5da4eb78b9cdeb661c94e97,3,5470.36,0,0.0,0,1648,0,2097.69,10,1,WeapGroza_C
35,11,1,17,steam,2,1,13,645.412,alive,3,5,3,1,4,329.31,ii_x7,account.9a553842a5da4eb78b9cdeb661c94e97,1,3997.98,0,0.0,0,1570,0,2433.66,5,1,WeapKar98k_C
37,19,1,21,steam,1,0,1,0.0,alive,0,0,26,0,0,0.0,ii_x7,account.9a553842a5da4eb78b9cdeb661c94e97,0,2475.36,0,0.160042,0,723,0,715.804,5,1,
35,15,1,17,steam,2,1,10,493.538,alive,2,3,5,1,3,157.519,ii_x7,account.9a553842a5da4eb78b9cdeb661c94e97,0,3906.72,0,0.0,0,1580,0,2396.33,8,1,WeapMk14_C
34,6,1,18,steam,2,3,11,380.13,alive,0,4,28,0,0,0.0,ii_x7,account.9a553842a5da4eb78b9cdeb661c94e97,0,5024.21,0,7.22439,0,1764,0,2348.97,8,1,WeapFNFal_C
55,6,1,18,steam,6,3,11,795.444,alive,3,5,3,3,6,328.922,AnyThing_TuSir,account.e480c9b1275f453584915a05ca0aac40,1,1373.0,0,0.0,0,1665,0,2494.6,2,1,WeapMini14_C
54,11,1,16,steam,6,2,14,559.672,alive,1,15,1,2,8,86.9042,AnyThing_TuSir,account.e480c9b1275f453584915a05ca0aac40,0,6549.44,0,0.0,0,1461,0,2150.22,7,1,WeapHK416_C
19,12,1,16,steam,4,4,2,662.517,alive,1,1,8,2,3,104.09,Orange-_Ajie,account.5964a269519e4b199b936e4be1a356af,0,6415.44,0,0.0,0,1917,0,1516.95,2,1,WeapM24_C
21,7,1,17,steam,4,1,3,402.541,alive,4,1,4,1,4,201.953,Orange-_Ajie,account.5964a269519e4b199b936e4be1a356af,1,1992.12,0,0.0,0,1732,0,1801.46,5,1,WeapKar98k_C
23,15,1,17,steam,3,2,4,1006.9,alive,3,6,2,2,5,261.313,Orange-_Ajie,account.5964a269519e4b199b936e4be1a356af,3,6417.06,0,0.0,0,1715,0,1321.32,4,1,WeapHK416_C
18,3,1,19,steam,2,1,3,535.339,alive,2,3,6,2,3,81.5979,Orange-_Ajie,account.5964a269519e4b199b936e4be1a356af,1,5567.35,0,0.0,0,1925,0,1505.85,6,1,WeapHK416_C
20,11,1,17,steam,5,0,4,663.011,alive,4,3,3,2,4,281.309,Orange-_Ajie,account.5964a269519e4b199b936e4be1a356af,0,3909.46,0,0.0,0,1667,0,2089.97,6,1,WeapKar98k_C
38,15,1,16,steam,3,2,9,384.975,alive,1,2,6,1,3,31.6404,D0NTK1llMe807,account.a0671a6b962f4c0c84aadc4c51b48c61,4,5153.38,0,0.0,0,367,0,2224.53,9,1,WeapMk14_C
41,10,1,17,steam,1,2,10,326.525,alive,1,7,9,2,2,27.3027,D0NTK1llMe807,account.a0671a6b962f4c0c84aadc4c51b48c61,0,7001.6,0,0.0,0,1739,1,1337.58,8,1,WeapHK416_C
35,12,1,17,steam,0,2,14,155.326,alive,0,5,27,0,0,0.0,D0NTK1llMe807,account.a0671a6b962f4c0c84aadc4c51b48c61,0,5238.02,0,0.0,0,1898,0,2601.09,7,1,WeapHK416_C
39,3,1,15,steam,1,1,7,346.572,alive,0,6,1,1,4,46.8907,D0NTK1llMe807,account.a0671a6b962f4c0c84aadc4c51b48c61,0,4708.15,0,0.0,0,1536,0,2584.12,9,1,WeapBerylM762_C
31,8,1,28,steam,7,2,11,766.758,alive,2,2,2,2,8,95.5185,Afteralongtime-_,account.44ceea1ee4ef43e2897763a7580cb44b,1,2194.66,0,0.0,0,1530,0,4208.64,8,1,WeapHK416_C
44,15,1,16,steam,3,2,10,532.262,alive,1,5,1,2,5,213.69,LeBron-Cyoung,account.b21d0b543fbf4a0f895892decf27a9eb,0,5894.99,0,0.0,0,1809,0,1816.23,4,1,WeapMk12_C
42,6,1,16,steam,3,3,9,655.441,alive,2,2,7,2,3,164.322,LeBron-Cyoung,account.b21d0b543fbf4a0f895892decf27a9eb,0,5956.5,0,0.0,0,1697,1,1550.86,10,1,WeapMk12_C
6,8,1,16,steam,2,0,5,419.425,alive,0,1,10,1,2,92.7608,IRK_-Tarzan,account.0f8299b9227b493085b2e23fa4e49460,3,5627.07,0,0.0,0,1827,0,1994.97,7,1,WeapFNFal_C
5,5,1,17,steam,4,2,12,607.116,alive,1,4,3,2,4,172.876,IRK_-Tarzan,account.0f8299b9227b493085b2e23fa4e49460,3,8726.51,0,0.0,0,1828,0,1613.46,6,1,WeapMk12_C
7,6,1,17,steam,3,3,8,207.232,alive,1,0,5,1,3,53.1246,IRK_-Tarzan,account.0f8299b9227b493085b2e23fa4e49460,0,9674.45,0,0.0,0,1663,0,1800.6,8,1,WeapHK416_C
8,16,1,17,steam,2,4,11,246.593,alive,0,2,11,1,1,53.5868,IRK_-Tarzan,account.0f8299b9227b493085b2e23fa4e49460,1,7815.99,0,1.65575,0,1732,0,1569.84,8,1,WeapHK416_C
42,5,1,12,steam,2,4,9,798.71,alive,0,14,3,2,5,56.7324,Amm_i45EpG,account.e0e3da92ead741b5921bea51ab01edf9,1,5158.0,0,0.0,0,1815,0,2722.88,7,1,WeapMini14_C
50,9,1,19,steam,3,4,6,780.913,alive,2,5,4,1,4,406.201,Amm_i45EpG,account.e0e3da92ead741b5921bea51ab01edf9,1,3417.48,0,0.0,0,1604,1,2623.05,9,1,WeapFNFal_C
26,5,1,16,steam,5,4,9,1097.27,alive,2,3,3,3,6,165.998,mmG_-YanGuiV587,account.7c33da2656b04937883a704d7c957183,2,2299.83,0,0.0,0,1827,0,2177.39,4,1,WeapFNFal_C
42,10,1,19,steam,0,5,3,226.094,alive,0,2,30,0,0,0.0,0314-MiRu,account.b0b24c8671c7465797bf977030b0b572,0,6902.62,0,0.0,0,1505,0,1488.84,9,1,WeapKar98k_C
39,7,1,15,steam,0,5,0,56.4,alive,0,5,25,0,0,0.0,0314-MiRu,account.b0b24c8671c7465797bf977030b0b572,0,299.953,0,0.0,0,363,0,783.536,4,1,WeapAK47_C
43,10,1,16,steam,0,1,8,149.96,alive,0,8,24,0,0,0.0,0314-MiRu,account.b0b24c8671c7465797bf977030b0b572,1,3101.28,0,0.0,0,1642,0,1241.91,4,1,WeapMini14_C
43,2,1,16,steam,1,5,1,0.0,alive,0,0,23,0,0,0.0,0314-MiRu,account.b0b24c8671c7465797bf977030b0b572,0,6924.22,0,0.0,0,1313,0,1372.58,4,1,WeapHK416_C
43,3,1,16,steam,2,3,8,270.04,alive,0,3,15,1,1,5.34048,0314-MiRu,account.b0b24c8671c7465797bf977030b0b572,0,5123.85,0,4.32075,0,1758,0,2011.11,6,1,WeapAWM_C
27,6,1,17,steam,2,1,3,193.007,alive,0,3,11,1,2,89.822,ID-LL,account.600dd79a2cc1402eb8f88a4d0672892d,1,2487.07,0,0.0,0,1440,0,1464.1,4,1,WeapFNFal_C
30,17,1,16,steam,0,2,6,341.01,alive,0,15,7,1,2,45.2825,ID-LL,account.600dd79a2cc1402eb8f88a4d0672892d,3,5959.55,0,0.0,0,1781,0,1382.0,3,1,WeapFNFal_C
22,13,1,16,steam,1,2,3,166.392,alive,0,5,15,1,1,5.18096,ID-LL,account.600dd79a2cc1402eb8f88a4d0672892d,1,1286.67,0,0.0,0,1541,0,1194.85,4,1,WeapBerylM762_C
24,10,1,17,steam,0,3,3,330.97,alive,1,8,16,1,1,20.9253,ID-LL,account.600dd79a2cc1402eb8f88a4d0672892d,1,3364.49,0,0.0,0,1777,0,1652.18,4,1,WeapBerylM762_C
29,12,1,15,steam,0,2,2,355.952,alive,0,10,14,1,1,15.792,ID-LL,account.600dd79a2cc1402eb8f88a4d0672892d,0,7198.33,0,0.0,0,1474,0,1527.04,4,1,WeapBerylM762_C
48,12,1,15,steam,1,2,2,152.8,alive,0,8,16,1,1,3.81411,FanRenDeWe1DD_-,account.c87413b0010443489ad86e86ff2494b1,1,5136.58,0,0.0,0,1046,0,937.354,6,1,WeapBerylM762_C
41,1,1,16,steam,4,1,2,484.562,alive,0,0,1,2,6,140.336,FanRenDeWe1DD_-,account.c87413b0010443489ad86e86ff2494b1,1,3409.83,0,0.0,0,1838,1,1852.03,3,1,WeapMk12_C
52,3,1,16,steam,2,2,2,239.441,alive,1,1,14,1,1,76.9059,FanRenDeWe1DD_-,account.c87413b0010443489ad86e86ff2494b1,1,3176.16,0,0.0,0,1698,0,1236.79,5,1,WeapMini14_C
48,6,1,15,steam,0,3,4,89.7382,alive,0,4,14,1,1,188.85,FanRenDeWe1DD_-,account.c87413b0010443489ad86e86ff2494b1,0,5976.8,0,0.0,0,1105,0,1221.36,6,1,WeapHK416_C
47,8,1,16,steam,4,3,4,679.511,alive,2,7,2,2,6,167.023,FanRenDeWe1DD_-,account.c87413b0010443489ad86e86ff2494b1,0,7026.54,0,0.0,0,1731,0,1700.67,3,1,WeapBerylM762_C
27,6,1,16,steam,4,4,5,548.744,alive,1,0,6,1,3,360.926,Amm_KIe,account.751bd1f733e443a88559c97376931954,2,1238.5,0,0.0,0,1448,1,2674.37,5,1,WeapFNFal_C
28,2,1,16,steam,1,0,1,152.125,byplayer,2,0,11,2,2,26.2394,Amm_KIe,account.751bd1f733e443a88559c97376931954,1,565.782,0,0.0,0,828,0,1130.29,4,13,WeapACE32_C
28,14,1,17,steam,3,5,8,853.215,alive,2,1,7,2,4,207.592,Amm_KIe,account.751bd1f733e443a88559c97376931954,1,2462.6,0,0.0,0,1695,0,2265.81,5,1,WeapFNFal_C
32,14,1,17,steam,1,2,7,446.102,alive,0,2,10,1,2,144.043,Amm_KIe,account.751bd1f733e443a88559c97376931954,0,3939.53,0,0.0,0,1699,0,2654.2,5,1,WeapFNFal_C
33,7,1,17,steam,6,7,14,1070.16,alive,2,2,2,3,7,236.606,rxfam,account.6f5bfc760bb640e68fdc3181f0ae31fb,0,3149.86,0,0.0,0,1580,2,1872.26,8,1,WeapMk12_C
32,17,1,18,steam,5,5,14,936.219,alive,1,5,5,2,3,202.171,rxfam,account.6f5bfc760bb640e68fdc3181f0ae31fb,0,4734.66,0,0.0,0,1820,0,1357.47,4,1,WeapMk12_C
27,14,1,17,steam,5,2,12,1092.17,alive,1,2,2,1,4,246.713,rxfam,account.6f5bfc760bb640e68fdc3181f0ae31fb,0,5464.29,0,0.0,0,1194,0,1387.44,4,1,WeapMk12_C
23,12,1,16,steam,2,1,14,671.201,alive,1,2,13,1,1,151.367,rxfam,account.6f5bfc760bb640e68fdc3181f0ae31fb,1,6000.88,0,0.0,0,1906,0,1661.16,6,1,WeapMk12_C
36,15,1,16,steam,1,1,10,380.526,alive,0,3,5,2,3,448.827,Dyu_557200,account.9fda1b8f7166456eae557ae9426c5c66,1,5786.75,0,0.0,0,1809,0,2015.54,7,1,WeapSKS_C
35,6,1,16,steam,4,2,7,600.374,alive,0,1,6,1,3,157.331,Dyu_557200,account.9fda1b8f7166456eae557ae9426c5c66,0,5340.36,0,0.0,0,1697,1,1423.72,7,1,WeapFNFal_C
49,12,1,17,steam,1,2,12,658.478,alive,0,5,9,1,2,27.2143,Dyu_557200,account.9fda1b8f7166456eae557ae9426c5c66,2,6232.71,0,0.0,0,1804,0,1803.53,5,1,WeapFNFal_C
43,12,1,16,steam,3,3,10,417.709,alive,0,2,4,2,3,180.943,Dyu_557200,account.9fda1b8f7166456eae557ae9426c5c66,0,8613.16,0,0.0,0,1650,0,1407.48,5,1,WeapFNFal_C
42,11,1,17,steam,6,6,9,865.688,alive,2,4,1,2,6,407.001,DouYu_6591982,account.bc0f3f74bc8d443890196b120833d779,0,3207.46,0,0.0,0,1892,2,1525.91,8,1,WeapMk14_C
38,12,1,16,steam,2,2,12,365.01,alive,1,0,4,1,3,107.169,DouYu_6591982,account.bc0f3f74bc8d443890196b120833d779,1,4001.03,0,0.0,0,1567,0,1241.26,8,1,WeapM24_C
49,16,1,16,steam,5,3,9,792.322,alive,1,4,4,1,4,73.8321,DouYu_6591982,account.bc0f3f74bc8d443890196b120833d779,0,8081.9,0,0.0,0,1674,0,1568.69,7,1,WeapFNFal_C
43,12,1,16,steam,4,3,6,279.732,alive,0,3,4,1,4,342.117,DouYu_6591982,account.bc0f3f74bc8d443890196b120833d779,3,5123.96,0,0.0,0,1730,1,1767.05,5,1,WeapFNFal_C
49,10,1,15,steam,3,6,10,776.594,alive,1,1,2,2,4,252.423,DouYu_6591982,account.bc0f3f74bc8d443890196b120833d779,0,5391.79,1,79.6452,0,1442,0,1428.67,7,1,WeapMk14_C
37,12,1,15,steam,1,3,6,685.825,alive,1,1,1,1,6,266.986,V_19149341555,account.a10d9286699a48a69f173603d7b53bb5,0,4840.14,0,0.0,0,1641,0,1406.35,4,1,WeapHK416_C
39,15,1,18,steam,4,3,3,445.425,alive,0,1,5,3,3,77.7131,V_19149341555,account.a10d9286699a48a69f173603d7b53bb5,1,2649.78,0,0.0,0,1611,0,1451.39,5,1,WeapHK416_C
39,17,1,17,steam,2,2,5,222.79,alive,0,2,7,1,2,75.9177,V_19149341555,account.a10d9286699a48a69f173603d7b53bb5,0,6230.47,0,38.9049,0,947,0,1605.88,4,1,WeapHK416_C
33,15,1,17,steam,1,0,7,247.232,alive,2,5,4,1,3,190.361,V_19149341555,account.a10d9286699a48a69f173603d7b53bb5,0,4418.82,0,0.0,0,1797,0,1704.46,3,1,WeapMini14_C
45,18,1,18,steam,3,2,4,733.875,alive,0,2,2,1,4,92.0373,V_19149341555,account.a10d9286699a48a69f173603d7b53bb5,1,2985.28,0,0.0,0,1690,1,2464.4,3,1,WeapHK416_C
16,15,1,16,steam,0,2,15,360.946,alive,0,9,13,1,1,34.9222,PWWX-Hzbbang,account.5331d44144d248e2abbbfee397c232bb,1,3523.24,0,0.0,0,1622,0,1800.26,9,1,WeapGroza_C
22,13,1,16,steam,4,2,12,548.028,alive,0,1,2,2,6,59.0716,PWWX-Hzbbang,account.5331d44144d248e2abbbfee397c232bb,0,5356.77,0,0.0,0,1589,0,3023.74,7,1,WeapBerylM762_C
21,6,1,16,steam,0,0,14,330.012,alive,2,15,5,1,3,188.095,PWWX-Hzbbang,account.5331d44144d248e2abbbfee397c232bb,1,2943.78,0,0.0,0,1742,0,1930.31,6,1,WeapMk12_C
20,5,1,16,steam,2,2,10,468.259,alive,2,0,2,2,5,442.339,PWWX-Hzbbang,account.5331d44144d248e2abbbfee397c232bb,0,1208.7,0,2.75073,0,1312,1,2934.6,8,1,WeapMini14_C
55,13,1,19,steam,6,3,5,511.859,alive,3,0,2,2,7,197.221,YY-1450005710,account.dea474e704774a079f700bb6c7264dd6,1,6123.47,0,0.0,0,1801,0,1829.86,5,1,WeapKar98k_C
10,1,1,2,steam,0,0,0,2087.25,alive,7,0,1,6,22,116.941,YY-1450005710,account.dea474e704774a079f700bb6c7264dd6,0,0.0,0,0.0,0,364,0,0.0,18,1,WeapHK416_C
54,3,1,18,steam,4,0,4,347.827,alive,3,1,3,2,5,372.345,dad666-,account.db4704f3b09b4267832b3a8530d36ebf,1,4400.65,0,0.0,0,1332,0,1826.82,5,1,WeapHK416_C
45,13,1,16,steam,1,4,15,489.682,alive,0,6,8,2,2,88.1407,Euno_Pio,account.bd3257796b5e493fb3e3c74ab9e14ccb,0,3692.16,0,0.0,0,1688,0,2138.3,6,1,WeapHK416_C
46,14,1,15,steam,5,2,12,1173.64,alive,1,6,3,2,5,123.666,Euno_Pio,account.bd3257796b5e493fb3e3c74ab9e14ccb,1,5952.29,0,5.98557,0,1668,1,3375.6,5,1,WeapMk12_C
44,17,1,17,steam,3,3,13,636.071,alive,1,2,2,2,5,444.934,Euno_Pio,account.bd3257796b5e493fb3e3c74ab9e14ccb,0,6202.78,0,0.0,0,1503,0,2266.94,8,1,WeapMk12_C
38,15,1,16,steam,0,0,6,0.0,alive,0,0,26,0,0,0.0,Euno_Pio,account.bd3257796b5e493fb3e3c74ab9e14ccb,0,5157.36,0,0.0,0,753,0,1189.28,6,1,
30,7,1,16,steam,3,1,2,516.385,alive,2,3,3,4,5,31.8892,Zaiz1908,account.9a0286eda48344218693dc3062da0545,0,2592.64,0,0.0,0,622,0,466.381,5,1,WeapAK47_C
46,9,1,17,steam,2,3,1,300.0,alive,0,1,5,1,3,262.378,Zaiz1908,account.9a0286eda48344218693dc3062da0545,0,405.946,0,0.0,0,597,1,691.308,8,1,WeapMk12_C
37,7,1,15,steam,3,0,4,663.228,alive,2,2,4,2,5,168.856,Zaiz1908,account.9a0286eda48344218693dc3062da0545,1,2267.47,0,0.0,0,1719,1,1756.9,9,1,WeapFNFal_C
35,7,1,16,steam,4,2,5,774.297,alive,0,6,3,1,4,243.433,Zaiz1908,account.9a0286eda48344218693dc3062da0545,1,5395.77,0,0.0,0,1888,1,2669.86,7,1,WeapFNFal_C
17,7,1,17,steam,1,4,4,263.533,alive,1,0,13,1,1,79.0102,Amm_WanQ1u,account.3b05c857654544fdac07f28bec94001c,4,3809.88,0,0.0,0,1450,0,2429.23,8,1,WeapFNFal_C
15,12,1,17,steam,4,3,9,673.894,alive,3,6,1,2,6,243.86,Amm_WanQ1u,account.3b05c857654544fdac07f28bec94001c,1,2796.77,0,0.0,0,1758,1,1775.35,8,1,WeapFNFal_C
3,3,1,27,steam,18,0,8,1812.14,alive,4,2,1,5,23,83.2487,Amm_WanQ1u,account.3b05c857654544fdac07f28bec94001c,0,9236.79,0,0.0,0,1617,0,1461.35,8,1,WeapWinchester_C
19,13,1,16,steam,4,3,5,779.805,alive,2,2,1,1,5,135.091,POIPILMT,account.48441c7cbe5a41dba24050d518e34b4f,0,2277.33,0,0.0,0,1888,0,2723.34,5,1,WeapBerylM762_C
15,14,1,15,steam,3,3,4,528.076,alive,1,5,9,1,2,91.2679,POIPILMT,account.48441c7cbe5a41dba24050d518e34b4f,0,6955.07,0,0.0,0,1899,0,2654.97,3,1,WeapFNFal_C
26,12,1,15,steam,3,3,3,924.092,alive,0,1,5,1,2,166.093,POIPILMT,account.48441c7cbe5a41dba24050d518e34b4f,1,3798.25,0,0.0,0,1708,0,2043.14,4,1,WeapFNFal_C
19,10,1,16,steam,5,5,5,721.549,alive,2,1,3,1,5,301.053,POIPILMT,account.48441c7cbe5a41dba24050d518e34b4f,2,6662.56,0,0.0,0,1738,0,1803.18,4,1,WeapFNFal_C
14,13,1,16,steam,1,3,9,493.543,alive,2,0,4,1,4,82.0771,AutumnwindzzZ,account.248b9170025e492fba2199d0b2984e03,0,1601.37,0,0.0,0,1684,0,2788.1,7,1,WeapHK416_C
9,14,1,17,steam,4,3,9,496.877,alive,0,5,4,3,5,57.7608,AutumnwindzzZ,account.248b9170025e492fba2199d0b2984e03,0,823.842,0,0.0,0,1225,0,2136.82,6,1,WeapBerylM762_C
6,15,1,18,steam,4,8,13,902.078,alive,0,8,3,1,5,33.98,AutumnwindzzZ,account.248b9170025e492fba2199d0b2984e03,1,5603.77,0,0.0,0,1613,0,2367.82,8,1,WeapHK416_C
6,5,1,17,steam,3,2,11,517.117,alive,4,5,1,1,6,253.966,AutumnwindzzZ,account.248b9170025e492fba2199d0b2984e03,1,5644.99,0,0.0,0,1474,0,1645.22,4,1,WeapBerylM762_C
4,13,1,16,steam,1,1,0,177.91,alive,0,0,14,1,1,2.39273,AutumnwindzzZ,account.248b9170025e492fba2199d0b2984e03,0,0.0,0,0.0,0,107,0,31.5473,2,1,WeapMk47Mutant_C
45,12,1,15,steam,5,2,11,704.778,alive,0,7,3,1,5,109.219,1zGuu,account.bace6f2770e641aaaab681a697c37736,1,3402.92,0,0.0,0,1651,1,2024.37,4,1,WeapMini14_C
45,6,1,16,steam,5,2,9,859.398,alive,0,3,5,1,3,118.271,1zGuu,account.bace6f2770e641aaaab681a697c37736,0,2281.77,0,0.0,0,1660,0,1815.87,9,1,WeapM24_C
51,8,1,17,steam,4,3,6,540.1,alive,0,2,24,0,0,0.0,1zGuu,account.bace6f2770e641aaaab681a697c37736,1,3999.85,0,0.0,0,1175,0,1548.11,9,1,WeapMini14_C
59,11,1,16,steam,5,6,11,1052.26,alive,3,9,2,1,4,216.922,mnnnnmnmnmmnmn,account.f8b90fc1b21b4948ace8e08d17abeacb,0,8727.75,0,0.0,0,1693,0,2135.01,7,1,WeapFNFal_C
50,8,1,13,steam,4,2,3,506.036,alive,0,0,9,1,2,58.0393,mnnnnmnmnmmnmn,account.f8b90fc1b21b4948ace8e08d17abeacb,0,4713.94,0,0.0,0,933,0,1049.51,4,1,WeapHK416_C
61,2,1,16,steam,10,2,8,1193.08,alive,5,3,1,3,7,252.982,mnnnnmnmnmmnmn,account.f8b90fc1b21b4948ace8e08d17abeacb,1,6727.84,0,0.0,0,1760,0,1696.14,8,1,WeapAWM_C
58,3,1,17,steam,6,5,8,689.768,alive,1,3,6,1,3,253.578,mnnnnmnmnmmnmn,account.f8b90fc1b21b4948ace8e08d17abeacb,2,3281.43,0,0.0,0,1694,0,2016.13,7,1,WeapMini14_C
59,10,1,17,steam,4,1,5,596.31,alive,5,3,1,1,5,239.609,mnnnnmnmnmmnmn,account.f8b90fc1b21b4948ace8e08d17abeacb,0,5249.28,0,0.0,0,1684,2,2035.06,6,1,WeapFNFal_C
49,31,1,33,steam,0,2,2,134.07,alive,0,1,10,0,0,0.0,1ianainao,account.dbd23cf8bc2b4a38950847e468133381,0,6089.46,0,0.0,0,769,0,774.087,7,1,WeapHK416_C
47,15,1,18,steam,0,0,0,0.0,alive,0,0,25,0,0,0.0,1ianainao,account.dbd23cf8bc2b4a38950847e468133381,0,0.0,0,0.0,0,382,0,1116.16,9,1,
53,16,1,16,steam,4,3,6,634.712,alive,3,11,2,2,5,322.403,1ianainao,account.dbd23cf8bc2b4a38950847e468133381,2,3187.17,0,0.0,0,1844,0,2267.63,4,1,WeapMini14_C
49,6,1,17,steam,6,2,10,902.312,alive,4,4,1,2,8,379.721,1ianainao,account.dbd23cf8bc2b4a38950847e468133381,1,2338.82,0,0.0,0,1623,0,1402.59,3,1,WeapMini14_C
23,13,1,16,steam,11,3,18,1318.46,alive,0,6,1,1,5,341.104,iPen_-,account.527a509f4ebd4f45a8b8db7a8177e4ff,0,3940.1,0,0.0,0,1859,1,2044.71,9,1,WeapMk14_C
18,12,1,17,steam,3,4,15,655.69,alive,1,1,3,2,4,316.524,iPen_-,account.527a509f4ebd4f45a8b8db7a8177e4ff,0,3245.05,0,0.0,0,1572,0,1584.88,5,1,WeapHK416_C
2,16,1,16,steam,3,2,11,373.085,alive,1,0,5,2,4,167.523,SApeach_,account.06b22f78fff34c5fad0776b68c546fbe,0,5120.07,0,0.0,0,1459,0,2174.53,8,1,WeapMk14_C
4,11,1,16,steam,3,0,10,458.999,alive,2,2,3,2,4,34.0274,SApeach_,account.06b22f78fff34c5fad0776b68c546fbe,3,2676.91,0,0.0,0,1788,0,2319.25,5,1,WeapHK416_C
1,15,1,18,steam,0,1,0,53.58,alive,0,0,27,0,0,0.0,SApeach_,account.06b22f78fff34c5fad0776b68c546fbe,0,0.0,0,0.0,0,317,0,831.354,3,1,WeapAK47_C
17,5,1,15,steam,2,3,12,515.657,alive,0,3,6,1,3,34.3172,LucasLU-,account.4e0ab2b4120c45efaf53c2a5876b3904,0,6131.0,0,0.0,0,1373,0,1423.35,7,1,WeapBerylM762_C
27,12,1,16,steam,1,3,8,399.72,alive,0,1,16,1,1,6.09534,LucasLU-,account.4e0ab2b4120c45efaf53c2a5876b3904,0,8133.41,0,0.0,0,1284,0,1445.31,8,1,WeapAWM_C
15,10,1,17,steam,1,2,3,146.669,alive,0,1,25,0,0,0.0,LucasLU-,account.4e0ab2b4120c45efaf53c2a5876b3904,2,1897.88,0,0.0,0,1585,0,2222.22,3,1,WeapMini14_C
19,15,1,16,steam,3,3,11,551.175,alive,1,2,8,1,2,124.737,LucasLU-,account.4e0ab2b4120c45efaf53c2a5876b3904,0,7386.19,0,0.0,0,1613,0,1525.75,7,1,WeapMk14_C
15,15,1,16,steam,0,5,14,149.664,alive,0,1,27,0,0,0.0,LucasLU-,account.4e0ab2b4120c45efaf53c2a5876b3904,0,5007.22,0,0.0,0,1584,0,1433.3,7,1,WeapAWM_C
5,11,1,15,steam,1,4,11,515.691,alive,0,10,3,1,3,180.664,HuYa_142586,account.08dbb56d1750466baad6a1bc950967c5,2,3759.66,0,0.0,0,1898,0,2539.6,7,1,WeapBerylM762_C
5,10,1,15,steam,0,0,0,0.0,alive,0,0,25,0,0,0.0,HuYa_142586,account.08dbb56d1750466baad6a1bc950967c5,0,373.196,0,0.0,0,157,0,70.7477,1,1,
3,11,1,16,steam,7,1,5,859.262,alive,2,3,1,2,9,245.511,HuYa_142586,account.08dbb56d1750466baad6a1bc950967c5,0,1359.51,0,0.0,0,1586,0,2957.84,7,1,WeapFNFal_C
81,2,1,25,steam,5,0,5,831.258,alive,1,2,1,2,8,256.618,ZigzaG_G,account.d847b261cc37461ca2e8c51d3598c8c6,1,6123.32,0,0.0,0,1666,0,1827.34,8,1,WeapBerylM762_C
4,2,1,2,steam,0,0,0,2650.81,alive,3,0,1,6,28,66.6059,ZigzaG_G,account.d847b261cc37461ca2e8c51d3598c8c6,0,0.0,0,0.0,0,492,0,0.0,37,1,WeapBerylM762_C
31,6,1,16,steam,0,4,6,458.297,alive,1,0,7,1,2,179.341,Min1Lady_,account.7c92d003ff8440a2830570c361d995d4,2,3686.61,0,0.0,0,1777,0,1869.68,7,1,WeapSKS_C
27,16,1,17,steam,2,0,3,272.974,alive,0,1,10,1,2,197.114,Min1Lady_,account.7c92d003ff8440a2830570c361d995d4,1,4436.57,0,0.0,0,1864,0,1416.12,6,1,WeapSKS_C
23,2,1,19,steam,0,1,6,196.417,alive,0,17,9,1,1,29.0331,Min1Lady_,account.7c92d003ff8440a2830570c361d995d4,0,3567.41,0,0.0,0,1861,0,1853.18,9,1,WeapHK416_C
26,8,1,16,steam,1,0,4,290.902,alive,0,0,5,2,3,181.402,Min1Lady_,account.7c92d003ff8440a2830570c361d995d4,0,5251.86,0,0.0,0,1512,0,2296.22,10,1,WeapSKS_C
24,15,1,20,steam,0,1,3,182.772,alive,0,0,8,1,1,61.4518,Min1Lady_,account.7c92d003ff8440a2830570c361d995d4,0,3964.11,0,0.0,0,1673,0,985.818,6,1,WeapSKS_C
26,6,1,16,steam,5,3,11,414.027,alive,0,5,5,2,3,54.0451,LIU2_Toronto,account.69b2a676892b419cab4831305418146f,4,4214.16,0,0.0,0,1805,0,1854.46,3,1,WeapKar98k_C
16,8,1,15,steam,0,3,11,211.378,alive,1,2,8,1,2,96.4841,LIU2_Toronto,account.69b2a676892b419cab4831305418146f,1,7482.6,0,0.0,0,1604,0,2580.22,6,1,WeapAUG_C
19,5,1,16,steam,5,3,2,1526.22,alive,1,2,2,1,5,401.244,GunKangLMT,account.518af8bea8c94ef39d301234df5296f8,1,4318.86,0,0.0,0,1816,0,1647.83,6,1,WeapMini14_C
18,13,1,16,steam,3,2,7,660.077,alive,0,5,2,2,4,201.232,GunKangLMT,account.518af8bea8c94ef39d301234df5296f8,0,4606.19,0,0.0,0,1913,0,2449.76,5,1,WeapMk12_C
19,13,1,18,steam,1,2,9,169.494,alive,1,2,6,1,3,199.378,GunKangLMT,account.518af8bea8c94ef39d301234df5296f8,0,6938.68,0,0.0,0,1859,0,1643.69,3,1,WeapMk12_C
22,13,1,16,steam,4,2,2,375.371,alive,1,0,6,2,3,81.5639,GunKangLMT,account.518af8bea8c94ef39d301234df5296f8,0,2724.3,0,0.0,0,1292,1,1227.01,6,1,WeapMk12_C
28,12,1,15,steam,6,4,7,1073.72,alive,0,1,2,2,4,142.599,GunKangLMT,account.518af8bea8c94ef39d301234df5296f8,0,3522.32,0,0.0,0,1708,0,1802.52,5,1,WeapFNFal_C
23,4,1,17,steam,0,4,5,536.749,alive,1,2,12,1,1,324.862,PenGuinLMT,account.505b225a6bc64318b3ffba92210d4120,1,3379.99,0,0.0,0,1693,0,1696.08,6,1,WeapMk12_C
18,4,1,16,steam,0,1,2,133.241,alive,0,1,11,1,1,428.586,PenGuinLMT,account.505b225a6bc64318b3ffba92210d4120,0,6876.96,0,0.0,0,1071,0,690.983,5,1,WeapHK416_C
23,14,1,16,steam,1,2,3,749.653,alive,0,3,13,1,1,36.4677,PenGuinLMT,account.505b225a6bc64318b3ffba92210d4120,2,531.827,0,0.0,0,1588,1,1913.56,6,1,WeapMk12_C
48,17,1,17,steam,10,1,1,1312.79,byplayer,3,2,1,2,9,287.22,yy8031_pony,account.cf1d3af45d424f548d6a82c21c7a058d,1,6093.54,0,0.0,0,1368,0,2158.93,4,5,WeapMini14_C
48,9,1,17,steam,12,0,6,1060.51,alive,1,2,1,3,8,303.71,yy8031_pony,account.cf1d3af45d424f548d6a82c21c7a058d,0,3973.86,0,0.0,0,1632,0,1878.52,3,1,WeapMini14_C
47,15,1,19,steam,5,1,3,718.91,alive,1,1,1,2,7,164.045,yy8031_pony,account.cf1d3af45d424f548d6a82c21c7a058d,0,5851.37,0,0.0,0,1353,0,1374.38,4,1,WeapHK416_C
57,12,1,16,steam,7,0,19,999.578,alive,3,4,1,2,6,145.438,jingangdiaogege,account.e9cfe2032b3f4971a51ad2a977e59e92,0,3338.99,0,0.0,0,1875,0,2482.78,8,1,WeapMk12_C
52,14,1,15,steam,4,3,17,921.23,alive,0,1,9,1,2,216.567,jingangdiaogege,account.e9cfe2032b3f4971a51ad2a977e59e92,2,3333.03,0,0.0,0,1622,0,2288.67,9,1,WeapFNFal_C
54,8,1,15,steam,11,0,21,1131.38,alive,1,4,1,2,9,244.832,jingangdiaogege,account.e9cfe2032b3f4971a51ad2a977e59e92,2,4882.87,0,0.0,0,1700,0,1926.71,15,1,WeapFNFal_C
7,13,1,15,steam,3,3,17,841.34,alive,1,8,2,1,4,372.88,CHxiaoping,account.1da1bbd761e6401ba85734f87806734a,0,5985.07,0,0.0,0,1740,0,1986.65,7,1,WeapFNFal_C
5,14,1,17,steam,1,3,8,318.985,alive,1,4,3,2,4,147.892,CHxiaoping,account.1da1bbd761e6401ba85734f87806734a,0,2259.88,0,0.0,0,1281,0,2537.01,6,1,WeapMini14_C
8,10,1,16,steam,1,3,12,579.263,alive,0,1,8,1,2,83.959,CHxiaoping,account.1da1bbd761e6401ba85734f87806734a,0,1176.55,0,0.0,0,1700,0,1937.81,4,1,WeapMini14_C
18,10,1,16,steam,6,3,3,606.243,alive,4,1,2,2,6,93.5419,biubiubiu8125,account.4ad519193eef47ec95cf260847490b0c,0,10950.7,0,0.0,0,1093,0,1293.02,6,1,WeapMini14_C
18,10,1,18,steam,6,3,3,981.502,alive,2,1,4,1,4,323.957,biubiubiu8125,account.4ad519193eef47ec95cf260847490b0c,0,6444.27,0,0.0,0,1359,0,1237.77,6,1,WeapMini14_C
11,4,1,16,steam,4,3,0,400.861,alive,3,0,2,1,5,239.543,biubiubiu8125,account.4ad519193eef47ec95cf260847490b0c,0,5901.67,0,0.0,0,1398,0,1324.09,6,1,WeapMini14_C
17,13,1,16,steam,5,2,5,963.184,alive,3,2,3,2,4,159.434,biubiubiu8125,account.4ad519193eef47ec95cf260847490b0c,0,4063.41,0,0.0,0,1225,0,1499.12,5,1,WeapMini14_C
23,14,1,16,steam,5,3,4,536.316,logout,1,3,1,2,5,283.815,biubiubiu8125,account.4ad519193eef47ec95cf260847490b0c,1,7565.85,0,0.0,0,1490,0,1445.57,8,2,WeapBerylM762_C
34,17,1,17,steam,6,9,7,1026.4,alive,1,3,3,2,7,63.3497,G1ume,account.8bcdff3c768f48ccbfeae1efc2db5b4b,2,5819.64,0,0.0,0,1327,0,1935.12,8,1,WeapHK416_C
32,17,1,18,steam,6,3,8,934.634,alive,2,2,2,2,7,157.772,G1ume,account.8bcdff3c768f48ccbfeae1efc2db5b4b,1,6073.13,0,0.0,0,1676,0,2671.7,8,1,WeapMini14_C
41,15,1,18,steam,1,2,4,243.052,alive,0,1,12,1,1,5.94452,TheCrisis-,account.a5d310bf7d97489fb4521d2933ffaa43,1,2444.89,0,0.0,0,1224,0,1614.12,6,1,WeapSKS_C
41,17,1,17,steam,3,2,6,283.119,alive,0,0,3,1,3,169.409,TheCrisis-,account.a5d310bf7d97489fb4521d2933ffaa43,2,6984.74,0,40.2563,0,1638,0,2315.62,3,1,WeapFNFal_C
36,4,1,17,steam,2,3,13,399.056,alive,1,3,4,2,3,95.6411,TheCrisis-,account.a5d310bf7d97489fb4521d2933ffaa43,0,3358.52,0,0.0,0,1702,0,1848.11,7,1,WeapAK47_C
40,17,1,18,steam,0,0,0,0.0,alive,0,0,18,0,0,0.0,TheCrisis-,account.a5d310bf7d97489fb4521d2933ffaa43,0,0.0,0,0.0,0,134,0,25.7747,0,1,
59,12,1,15,steam,2,3,8,641.817,alive,0,8,9,2,2,95.0339,1z7sn,account.f77bff387d6142bda4a4140ec2c6a039,0,2807.56,0,0.0,0,1243,0,1782.46,5,1,WeapMini14_C
61,6,1,16,steam,1,0,0,100.0,alive,1,0,15,1,1,13.7202,1z7sn,account.f77bff387d6142bda4a4140ec2c6a039,1,0.0,0,0.0,0,151,0,92.2686,1,1,WeapUMP_C
62,8,1,17,steam,7,3,9,1034.75,alive,2,11,2,2,8,198.871,1z7sn,account.f77bff387d6142bda4a4140ec2c6a039,0,4928.1,0,0.0,1,1759,1,2766.71,6,1,WeapMini14_C
42,17,1,17,steam,1,5,13,611.261,alive,0,6,4,1,4,130.988,yolo-_GaL1,account.bf6ee392ebfd48ff8f1fdfea96dbe3fc,1,2369.66,0,0.0,0,1783,0,2482.21,8,1,WeapMini14_C
47,8,1,14,steam,0,5,10,358.522,alive,0,2,5,1,3,221.031,yolo-_GaL1,account.bf6ee392ebfd48ff8f1fdfea96dbe3fc,0,2213.08,0,0.0,0,1549,0,2517.35,3,1,WeapMini14_C
43,6,1,16,steam,1,2,9,290.881,alive,0,6,14,1,1,31.1587,yolo-_GaL1,account.bf6ee392ebfd48ff8f1fdfea96dbe3fc,2,4945.05,0,0.0,0,1692,1,1404.28,6,1,WeapBerylM762_C
38,16,1,17,steam,1,5,7,598.239,alive,1,2,7,1,2,342.281,yolo-_GaL1,account.bf6ee392ebfd48ff8f1fdfea96dbe3fc,0,6629.77,0,0.0,0,1480,0,1488.26,3,1,WeapMini14_C
45,2,1,17,steam,2,0,1,444.397,alive,0,0,1,1,4,258.201,yolo-_GaL1,account.bf6ee392ebfd48ff8f1fdfea96dbe3fc,0,2746.44,0,0.0,0,1583,0,1152.6,6,1,WeapAWM_C
24,11,1,16,steam,2,1,11,334.193,alive,0,8,7,2,3,31.5976,9isbb,account.736bb7fc411b4fd797144362d1033e52,1,3911.7,0,0.0,0,1615,1,1955.38,9,1,WeapAK47_C
26,8,1,16,steam,2,6,15,601.721,alive,1,4,7,1,3,49.9984,9isbb,account.736bb7fc411b4fd797144362d1033e52,0,2693.06,0,0.0,0,1401,0,2224.86,6,1,WeapBerylM762_C
51,4,1,18,steam,0,2,5,0.0,alive,0,1,22,0,0,0.0,Captain_Mln,account.d370f26d72e544f78cb8aebb4d73ad73,0,2923.26,0,0.0,0,932,0,1450.62,5,1,WeapBerylM762_C
39,6,1,16,steam,0,3,5,104.0,alive,0,2,13,1,1,3.70294,Captain_Mln,account.d370f26d72e544f78cb8aebb4d73ad73,0,2881.43,0,0.0,0,852,0,914.6,5,1,WeapBerylM762_C
47,16,1,19,steam,0,1,7,97.7797,alive,0,2,10,1,1,29.0843,Captain_Mln,account.d370f26d72e544f78cb8aebb4d73ad73,2,8838.49,0,0.0,0,1814,0,1680.83,4,1,WeapHK416_C
45,16,1,20,steam,1,2,4,10.0,alive,0,1,11,1,1,8.62914,Captain_Mln,account.d370f26d72e544f78cb8aebb4d73ad73,0,7820.24,0,24.6401,0,1546,0,2507.86,4,1,WeapAK47_C
49,23,1,21,steam,0,0,4,0.0,alive,0,0,20,0,0,0.0,Captain_Mln,account.d370f26d72e544f78cb8aebb4d73ad73,0,6476.74,0,0.0,0,1285,0,1245.41,4,1,
71,17,1,28,steam,2,2,2,171.34,alive,1,3,6,1,4,259.917,AlanAlanbaba,account.c4a298f1faa84c248e482087d9d43fd1,0,5400.9,0,0.0,0,1817,0,2883.89,9,1,WeapGroza_C
72,5,1,49,steam,2,3,5,488.947,alive,0,9,27,1,1,28.9632,AlanAlanbaba,account.c4a298f1faa84c248e482087d9d43fd1,1,0.0,0,0.0,0,1407,0,785.485,5,1,WeapAWM_C
14,6,1,16,steam,0,0,4,38.6062,alive,0,6,26,0,0,0.0,Wolf_Bears,account.3c6658e1be594a3f8bee813d167db5a8,0,4447.11,0,0.0,0,812,0,531.505,4,1,WeapFNFal_C
11,11,1,16,steam,2,3,3,571.387,alive,4,0,2,3,5,430.568,Sweet_89,account.3dfd9cdf8a494618993b36afced6d199,1,3275.72,0,0.0,0,1705,0,1801.56,7,1,WeapMk12_C
18,9,1,16,steam,0,5,4,649.168,alive,0,7,7,1,2,330.633,Sweet_89,account.3dfd9cdf8a494618993b36afced6d199,0,1989.18,0,0.0,0,1576,1,1560.39,6,1,WeapMk12_C
14,6,1,17,steam,1,6,6,303.658,alive,0,7,16,1,1,7.10582,Sweet_89,account.3dfd9cdf8a494618993b36afced6d199,1,2243.2,0,0.0,0,1657,0,2259.67,4,1,WeapMk12_C
17,1,1,16,steam,1,6,3,165.88,alive,0,2,17,1,1,33.932,Sweet_89,account.3dfd9cdf8a494618993b36afced6d199,1,3804.73,0,0.0,0,1895,0,2086.15,5,1,WeapMini14_C
14,14,1,17,steam,0,2,4,438.061,alive,0,1,8,1,2,22.6041,Sweet_89,account.3dfd9cdf8a494618993b36afced6d199,1,2037.08,0,0.0,0,1824,0,2507.02,6,1,WeapHK416_C
4,12,1,16,steam,0,2,3,0.0,alive,0,1,29,0,0,0.0,xiewendong722,account.0e30c30b6dbe46e4a26f0fb7fdee91f2,0,5561.21,0,0.0,0,1726,0,2380.82,2,1,WeapM24_C
3,12,1,15,steam,1,2,6,110.0,alive,1,4,9,1,2,35.9065,xiewendong722,account.0e30c30b6dbe46e4a26f0fb7fdee91f2,1,8462.4,0,0.0,0,1740,0,2066.21,5,1,WeapHK416_C
3,9,1,16,steam,0,3,2,94.71,alive,0,0,21,0,0,0.0,xiewendong722,account.0e30c30b6dbe46e4a26f0fb7fdee91f2,0,3855.37,0,0.0,0,655,0,936.085,3,1,WeapHK416_C
3,8,1,17,steam,0,2,2,187.84,alive,0,2,15,1,1,55.4413,xiewendong722,account.0e30c30b6dbe46e4a26f0fb7fdee91f2,0,978.669,0,0.0,0,1591,0,1768.89,4,1,WeapSKS_C
8,2,1,25,steam,4,1,5,478.576,alive,1,3,6,1,5,178.644,PUBG_S_,account.f7236e02c0fb4b72b69680e0569887a2,0,4107.89,0,0.0,0,1286,0,1987.52,6,1,WeapKar98k_C
34,14,1,16,steam,8,3,9,1567.16,alive,2,4,1,3,10,318.902,BMZ_Qingjiu23xX,account.98d5620ecee94ac5a9e326592453c7f4,0,1140.58,0,0.0,0,1904,1,2126.37,8,1,WeapFNFal_C
34,4,1,16,steam,2,3,3,780.089,alive,2,3,4,2,3,223.165,BMZ_Qingjiu23xX,account.98d5620ecee94ac5a9e326592453c7f4,1,4996.94,0,0.0,0,1781,0,1521.14,5,1,WeapFNFal_C
33,18,1,19,steam,2,3,9,366.714,alive,0,3,10,1,2,65.5107,BMZ_Qingjiu23xX,account.98d5620ecee94ac5a9e326592453c7f4,2,5183.35,0,0.0,0,1834,0,1412.23,7,1,WeapBerylM762_C
38,3,1,15,steam,6,5,7,1176.31,alive,1,5,1,2,7,55.776,BMZ_Qingjiu23xX,account.98d5620ecee94ac5a9e326592453c7f4,0,6911.36,0,0.0,0,1924,1,2122.83,6,1,WeapBerylM762_C
31,6,1,16,steam,4,1,10,1122.42,alive,0,4,3,2,5,277.451,BMZ_Qingjiu23xX,account.98d5620ecee94ac5a9e326592453c7f4,1,5278.34,0,0.0,0,1819,1,1686.91,9,1,WeapFNFal_C
20,13,1,15,steam,4,6,10,968.258,byplayer,2,1,3,1,5,208.481,PopconTV_7415987,account.3a220d38e11742c6a5f28cac032538bd,1,6077.8,0,0.0,0,1498,1,1565.23,4,5,WeapMini14_C
15,13,1,16,steam,6,1,6,1137.19,alive,2,0,1,2,9,246.997,PopconTV_7415987,account.3a220d38e11742c6a5f28cac032538bd,0,5172.45,0,0.0,0,1693,0,1344.81,6,1,WeapFNFal_C
16,15,1,15,steam,3,3,9,1075.18,alive,1,1,9,1,2,297.809,PopconTV_7415987,account.3a220d38e11742c6a5f28cac032538bd,0,3717.28,0,0.0,0,1772,0,1224.04,4,1,WeapMini14_C
19,12,1,17,steam,0,0,8,250.547,alive,0,1,18,1,1,53.3261,PopconTV_7415987,account.3a220d38e11742c6a5f28cac032538bd,1,2410.61,0,0.0,0,1629,0,1543.86,7,1,WeapMini14_C
15,14,1,16,steam,2,5,10,1008.06,alive,0,3,2,2,6,208.844,PopconTV_7415987,account.3a220d38e11742c6a5f28cac032538bd,0,4221.72,0,0.0,0,1909,0,1412.0,8,1,WeapMini14_C
