teamTotal,DBNOs,assists,boosts,damageDealt,headshotKills,heals,killPlace,killStreaks,kills,longestKill,revives,rideDistance,roadKills,swimDistance,teamKills,timeSurvived,vehicleDestroys,walkDistance,weaponsAcquired,winPlace,mainWeapon
18,9,1,0,786.828,3,0,1,4,10,206.023,0,6659.2,0,0.0,0,964,0,1036.88,9,1,WeapMini14_C
17,3,1,2,602.942,1,0,2,1,5,273.876,0,9998.3,0,0.0,0,1022,0,960.618,4,1,WeapMini14_C
16,9,0,0,797.226,3,0,1,3,9,154.701,0,6203.56,0,0.0,0,922,0,577.379,2,1,WeapMk47Mutant_C
16,4,2,5,402.945,1,1,7,1,3,207.424,0,7486.56,0,0.0,0,810,0,656.68,3,1,WeapBerylM762_C
17,5,2,0,466.06,1,0,3,1,5,395.212,0,9807.18,0,0.0,0,1158,0,1098.0,4,1,WeapMini14_C
18,1,9,2,91.874,1,0,13,1,1,25.6977,0,6719.73,0,0.0,0,964,0,915.728,3,1,WeapBerylM762_C
17,1,3,1,47.6438,0,0,6,1,3,276.876,0,10440.7,0,0.0,0,1015,0,767.308,3,1,WeapMini14_C
16,3,5,2,217.74,2,0,6,1,3,175.747,0,6297.48,0,0.0,0,1056,0,509.877,5,1,WeapMk12_C
16,1,1,1,128.2,1,1,13,1,1,56.5237,0,1827.0,0,0.0,0,417,0,596.208,4,1,WeapAK47_C
17,2,5,1,224.162,1,0,8,1,2,95.1691,0,9749.9,0,0.0,0,1190,0,1159.37,2,1,WeapAK47_C
16,3,4,2,312.46,2,1,10,1,2,57.978,0,3241.59,0,0.0,0,1453,0,1576.72,4,1,WeapMini14_C
16,2,3,9,285.0,0,0,6,1,4,192.302,0,10448.7,0,0.0,0,1258,0,744.852,4,1,WeapMini14_C
17,1,3,3,220.985,0,0,10,1,2,295.202,0,7291.43,0,0.0,0,1523,0,1654.9,6,1,WeapMini14_C
16,3,2,5,318.069,2,3,3,1,4,167.563,0,4997.55,0,0.0,0,1243,0,1531.89,8,1,WeapFNFal_C
16,4,2,1,523.248,0,1,6,2,3,70.6333,1,1644.48,0,0.0,0,942,0,1297.32,2,8,WeapMini14_C
16,4,4,6,602.189,3,0,5,2,5,106.055,0,10388.8,0,0.0,0,1313,1,858.553,4,1,WeapBerylM762_C
17,4,3,5,339.779,2,6,9,2,2,84.5536,1,7124.21,0,0.0,0,1524,0,1570.79,3,1,WeapACE32_C
18,7,4,2,775.835,2,1,1,2,6,127.812,0,7042.75,0,0.0,0,1267,0,1540.1,2,1,WeapFNFal_C
17,3,2,7,980.223,0,4,3,2,4,37.1322,2,5902.83,0,0.0,0,1883,1,1087.0,4,1,WeapMini14_C
16,4,1,7,569.471,0,1,6,2,3,64.7164,0,7483.73,0,0.0,0,1849,0,1314.53,4,1,WeapMk12_C
17,7,4,4,1091.99,1,1,3,2,5,283.828,0,4482.75,0,0.0,0,1580,0,927.274,4,1,WeapMini14_C
18,3,1,6,894.786,1,4,4,2,3,28.7119,0,4908.06,0,0.0,0,1820,0,1537.03,5,1,WeapMini14_C
16,2,6,12,632.131,0,7,5,1,3,242.228,0,9012.23,0,0.0,0,1698,2,1497.93,3,1,WeapMk12_C
13,3,6,7,725.68,0,0,8,1,2,46.8403,0,4739.39,0,0.0,0,1856,0,1547.75,8,1,WeapFNFal_C
17,3,6,5,583.153,0,2,3,1,4,449.63,2,2955.69,0,0.0,0,1657,0,1380.32,3,1,WeapFNFal_C
16,2,3,11,404.108,1,4,8,1,2,178.583,1,1772.39,0,0.0,0,1684,0,2602.19,6,1,WeapFNFal_C
17,1,4,9,452.633,2,3,2,1,5,76.4807,2,797.499,0,0.0,0,1298,0,2070.74,4,1,WeapBerylM762_C
18,8,0,10,603.334,2,3,2,3,6,70.2756,3,5704.26,0,0.0,0,1613,0,2084.68,7,1,WeapFNFal_C
17,2,5,5,314.048,0,4,6,1,3,63.1259,0,6133.45,0,0.0,0,1474,0,1851.68,10,1,WeapAUG_C
16,5,5,5,710.464,0,1,4,1,4,337.584,0,4029.84,0,0.0,0,1172,0,1946.53,4,1,WeapMini14_C
16,6,3,2,717.93,4,0,3,2,6,323.638,0,5579.4,0,0.0,0,1347,0,1133.0,8,1,WeapHK416_C
16,1,3,2,224.628,1,1,11,1,1,33.6764,0,4616.15,0,0.0,0,809,0,1059.86,3,1,WeapHK416_C
17,1,3,6,373.753,1,7,3,1,3,47.594,0,8049.89,0,0.0,0,968,0,956.507,6,1,WeapHK416_C
17,9,2,10,874.083,6,3,1,2,7,201.573,0,3682.65,0,0.0,0,1557,1,1481.61,7,1,WeapMini14_C
16,5,3,5,343.837,4,2,1,1,6,280.344,0,11486.8,0,0.0,0,1247,0,1471.58,4,1,WeapBerylM762_C
18,3,3,2,350.63,2,0,3,2,4,254.366,0,5990.8,0,0.0,0,1449,0,1400.75,2,1,WeapSCAR-L_C
16,4,3,1,458.24,1,0,3,1,4,173.82,0,5883.12,0,0.0,0,1381,0,1175.06,3,1,WeapHK416_C
16,2,4,2,301.725,1,0,11,1,2,120.846,0,4455.18,0,0.0,0,1258,2,1313.18,4,1,WeapMini14_C
16,3,6,1,226.926,1,0,12,1,2,242.594,0,6808.12,0,0.0,0,1318,0,1437.5,8,7,WeapMini14_C
16,2,3,2,327.995,1,2,11,1,2,76.2598,0,3888.67,0,0.0,0,631,0,521.137,5,1,WeapHK416_C
19,1,2,7,68.5499,0,10,13,1,1,33.2282,0,4388.3,0,0.0,0,923,0,1275.72,7,1,WeapHK416_C
16,7,3,6,739.284,0,4,3,2,5,57.9878,2,3415.11,0,0.0,0,1863,1,1993.04,6,1,WeapMk12_C
16,4,5,12,779.303,2,3,1,2,7,118.548,1,4596.02,0,0.0,0,1686,0,2431.82,10,1,WeapMk12_C
15,5,1,12,1111.73,0,5,1,2,7,203.579,1,3253.55,0,0.0,0,1716,0,1611.57,8,1,WeapMk12_C
17,3,3,18,939.962,1,9,2,2,5,112.751,3,2556.0,0,0.0,0,1801,0,2622.64,7,1,WeapMk12_C
17,9,5,15,1154.21,3,3,1,2,10,214.537,1,7041.27,0,0.0,0,1841,1,1432.29,10,1,WeapMk12_C
16,2,2,14,617.841,1,1,2,1,5,329.693,1,1303.23,0,0.0,0,1658,0,1705.42,7,1,WeapMini14_C
16,5,1,12,742.183,2,1,2,2,5,188.527,1,3859.02,0,0.0,0,1781,0,2110.68,7,1,WeapMini14_C
19,7,3,12,761.455,1,7,1,1,6,142.095,1,6268.08,0,0.0,0,1834,0,1460.7,8,1,WeapKar98k_C
15,5,0,13,667.134,1,0,4,1,4,167.65,0,6180.1,0,0.0,1,1837,0,2472.02,5,1,WeapHK416_C
16,4,2,8,700.167,1,4,2,2,6,176.482,2,5870.0,0,0.0,0,1819,0,2062.55,5,1,WeapFNFal_C
16,4,3,12,563.911,2,8,4,1,5,235.407,0,2095.69,0,47.419,0,1435,0,2103.41,4,1,WeapMini14_C
17,4,8,9,997.734,2,5,1,2,6,516.318,2,5326.71,0,0.0,0,1670,1,1948.1,5,1,WeapMini14_C
19,4,1,5,426.834,0,1,2,2,5,403.676,0,971.704,0,0.0,0,1568,0,890.826,3,1,WeapKar98k_C
17,8,1,5,890.543,5,3,1,2,7,193.144,1,8247.54,1,0.0,0,1763,0,1940.05,7,1,WeapGroza_C
16,3,3,7,545.339,1,3,3,1,4,193.795,1,1629.24,0,0.0,0,1684,1,2702.2,6,1,WeapMini14_C
16,2,6,10,428.32,0,5,15,1,1,299.914,0,4880.05,0,0.0,0,1695,0,2192.38,4,1,WeapMk12_C
16,2,4,8,879.067,0,1,9,1,2,152.974,0,4284.13,0,0.0,0,1913,0,1359.57,2,1,WeapMk12_C
18,4,0,9,760.041,0,1,5,1,3,63.4821,1,5755.5,0,0.0,0,1859,0,2263.59,4,1,WeapHK416_C
16,1,5,10,646.022,1,7,14,1,1,22.4891,0,3311.33,0,0.0,0,811,2,1447.68,6,1,WeapMk12_C
17,9,2,8,781.015,4,3,1,1,6,308.168,0,3079.34,0,0.0,0,1826,0,1684.59,5,1,WeapMk12_C
16,11,1,5,1294.28,2,3,2,1,7,207.912,1,6217.88,0,0.0,0,1678,0,1388.88,4,1,WeapMini14_C
14,3,3,3,621.394,0,0,4,1,4,88.1054,0,8144.94,0,0.0,0,1437,0,941.454,3,1,WeapMini14_C
16,4,4,10,442.666,3,6,3,1,5,300.059,5,2137.27,0,41.7542,0,1826,1,3034.42,6,1,WeapFNFal_C
17,3,5,9,350.947,0,7,4,1,4,510.138,2,5395.59,0,0.0,0,1670,0,1793.22,4,1,WeapMini14_C
17,4,4,8,629.008,0,3,3,2,5,65.784,1,7110.17,0,0.0,0,1814,0,1724.3,8,1,WeapMk14_C
18,4,5,4,917.477,0,2,2,2,6,192.003,2,4792.81,0,0.0,0,1695,0,1514.5,8,1,WeapFNFal_C
16,7,1,6,568.513,1,1,2,2,8,474.45,2,4023.95,0,0.0,0,1247,0,1420.75,6,1,WeapSKS_C
17,4,2,11,578.212,2,5,3,2,5,80.5404,1,3299.53,0,0.0,0,1787,0,1782.92,6,1,WeapFNFal_C
15,5,6,16,987.898,0,4,4,1,4,54.4534,2,2056.22,0,0.0,0,1839,0,3967.33,7,1,WeapMk14_C
15,7,2,12,1040.45,1,1,1,2,6,313.286,4,3500.67,0,0.0,0,1644,0,2748.14,4,1,WeapMini14_C
19,5,2,7,823.09,1,2,3,1,5,181.264,1,315.429,0,0.0,0,1856,0,1782.74,5,1,WeapMini14_C
18,1,6,10,375.288,0,4,14,1,1,21.6605,0,2334.76,0,0.0,0,1147,0,1786.54,7,1,WeapBerylM762_C
18,2,1,9,674.345,2,1,3,1,4,269.708,1,5800.7,0,0.0,0,1732,0,1829.68,5,1,WeapMk12_C
16,5,0,2,819.432,2,1,1,2,7,249.876,1,8831.41,0,0.0,0,1639,0,1176.21,4,1,WeapSKS_C
18,1,2,5,465.385,0,0,13,1,1,6.65288,0,3041.98,0,0.0,0,1440,1,1217.04,8,1,WeapAWM_C
15,2,1,7,447.517,1,2,2,2,5,661.594,0,3171.56,0,0.0,0,1373,0,1579.37,4,1,WeapHK416_C
16,3,3,9,342.863,3,2,4,1,3,118.977,0,11185.5,0,0.0,0,1667,0,1271.39,4,1,WeapMini14_C
16,3,5,7,256.424,0,1,8,2,2,262.361,1,8968.54,0,0.0,0,1546,0,1045.19,3,1,WeapFNFal_C
15,0,2,10,156.131,0,5,26,0,0,0.0,1,5345.5,0,6.90308,0,1622,0,2811.1,3,1,WeapMini14_C
16,5,2,9,853.983,0,4,2,3,7,179.287,1,2272.73,0,0.0,0,1823,0,3053.03,6,1,WeapMini14_C
17,5,2,7,609.114,2,5,4,2,4,164.596,1,7169.11,0,0.0,0,1804,0,1570.65,2,1,WeapHK416_C
16,3,5,11,785.239,2,6,2,1,6,62.26,3,4344.22,0,2.62495,0,1837,0,3758.12,6,1,WeapMG3_C
17,1,3,8,481.472,0,3,4,2,3,111.184,0,3777.44,0,0.0,0,1651,0,1674.09,10,1,WeapBerylM762_C
16,2,4,4,287.701,0,3,7,1,2,27.105,0,2045.37,0,0.0,0,1285,0,2313.52,3,1,WeapBerylM762_C
18,3,1,8,479.697,0,3,3,1,3,104.461,2,3806.57,0,0.0,0,1508,1,2318.06,11,1,WeapFNFal_C
15,4,2,7,496.935,0,2,1,3,6,182.719,2,5467.02,0,0.0,0,1399,1,1740.04,7,1,WeapBerylM762_C
19,2,3,10,359.876,2,2,7,1,3,296.811,0,3449.51,0,0.0,0,1645,0,2070.5,8,1,WeapSKS_C
18,4,3,9,608.062,0,7,7,2,3,172.914,0,4701.71,0,0.0,0,1648,0,2473.41,5,1,WeapBerylM762_C
17,0,2,2,431.519,0,0,13,1,1,10.743,2,4101.78,0,0.0,0,1570,0,1687.04,4,1,WeapFNFal_C
21,4,2,8,667.135,0,11,9,1,2,285.768,1,3873.68,0,150.795,0,1634,0,1340.0,8,1,WeapFNFal_C
17,2,2,3,295.395,1,2,10,1,2,88.9125,1,3537.17,0,0.0,0,1580,0,1974.45,6,1,WeapFNFal_C
18,3,1,6,493.982,0,1,4,1,3,128.726,1,3584.57,0,14.1818,0,1764,0,2975.38,6,1,WeapFNFal_C
17,6,0,8,867.929,1,5,1,2,5,222.988,1,3804.88,0,0.0,0,1871,0,2436.71,6,1,WeapMini14_C
15,6,4,5,1083.53,3,4,2,2,6,102.939,2,4318.88,0,0.0,0,1728,0,1385.95,7,1,WeapMk12_C
15,3,8,12,863.225,1,4,13,1,1,4.59554,1,3502.44,0,0.0,0,1876,1,2107.72,9,1,WeapMk12_C
16,2,7,8,986.925,0,3,2,1,5,129.779,3,2377.86,0,55.048,0,1826,0,3068.6,6,1,WeapFNFal_C
17,5,1,5,486.855,2,2,2,2,6,144.93,0,4641.79,0,0.0,0,1286,0,1951.29,6,1,WeapSKS_C
16,0,4,8,59.9971,0,2,16,1,1,81.0939,0,6857.97,0,0.0,0,1639,0,1352.72,3,1,WeapMk12_C
16,0,5,12,111.349,0,5,29,0,0,0.0,0,6691.19,0,0.0,0,1628,0,1275.6,5,1,WeapMk12_C
16,1,3,3,96.6674,2,1,10,1,2,203.971,0,6160.51,0,0.0,0,1514,0,751.026,4,1,WeapMini14_C
19,0,4,11,266.32,0,16,7,1,2,37.2568,1,6615.55,0,0.0,0,1848,0,1566.49,4,1,WeapMk12_C
16,4,7,8,867.666,3,11,2,1,5,305.914,0,6645.28,0,0.0,0,1481,0,2451.9,9,1,WeapMini14_C
17,3,4,9,453.019,2,7,3,2,5,87.1917,2,6527.23,0,0.0,0,1887,0,2211.28,5,1,WeapMini14_C
16,9,2,7,1003.19,5,2,2,3,8,56.9893,0,2578.03,0,0.0,0,1874,0,2176.04,9,1,WeapMini14_C
12,4,1,8,855.833,0,3,2,1,6,342.845,3,7919.48,1,0.0,0,1704,0,1808.29,5,1,WeapMini14_C
18,1,2,1,102.0,1,0,13,1,1,48.1731,0,3049.95,0,0.0,0,619,0,650.905,5,1,WeapBerylM762_C
19,2,2,2,258.077,0,1,9,1,2,29.8586,1,4481.66,0,0.0,0,846,0,789.338,4,1,WeapHK416_C
16,0,2,3,279.299,0,3,23,0,0,0.0,1,1484.66,0,0.0,0,1857,0,1854.72,4,1,WeapFNFal_C
18,2,5,6,390.694,0,3,5,1,3,238.765,0,2956.28,0,0.0,0,1719,0,2122.77,6,1,WeapAWM_C
17,6,4,5,901.859,4,11,1,2,8,239.33,2,8021.0,0,0.0,0,1786,0,1531.71,6,1,WeapACE32_C
16,6,3,7,902.969,4,2,3,2,5,200.714,1,6955.06,0,0.0,0,1520,0,1494.55,8,1,WeapKar98k_C
17,0,7,4,220.216,0,1,13,1,1,53.206,0,8502.12,0,0.0,0,1203,0,1153.21,4,1,WeapSKS_C
17,0,0,2,28.416,0,1,52,0,0,0.0,0,3004.52,0,0.0,0,803,0,448.728,5,16,WeapFNFal_C
16,6,2,12,812.542,2,8,1,3,8,130.302,3,5390.53,0,0.0,0,1847,2,3227.06,11,1,WeapBerylM762_C
18,3,2,9,655.426,0,7,6,1,2,52.0912,0,3478.86,0,0.0,0,1508,0,2850.77,7,1,WeapKar98k_C
15,2,1,2,210.891,0,0,13,1,1,33.3452,0,4523.39,0,0.0,0,754,0,1063.01,4,1,WeapHK416_C
20,5,4,12,1035.57,2,12,1,2,9,695.725,0,4282.53,0,0.0,0,1678,0,2488.16,6,1,WeapHK416_C
17,3,2,5,724.033,0,3,19,1,1,56.3191,0,2247.38,0,0.0,0,1645,1,1270.8,9,1,WeapMk14_C
17,4,1,6,585.32,1,4,5,2,4,373.857,0,2251.69,0,0.0,0,1591,0,2181.53,6,1,WeapFNFal_C
18,1,0,5,366.786,0,3,6,1,2,165.078,0,6445.93,0,0.0,0,1608,1,1635.71,9,1,WeapFNFal_C
17,4,2,8,687.451,1,8,5,2,3,26.0607,4,4697.46,0,0.0,0,1698,0,2583.05,5,1,WeapFNFal_C
18,4,4,2,599.78,0,0,5,1,2,300.59,0,4454.03,0,0.0,0,1533,0,2369.65,6,1,WeapSKS_C
16,5,0,4,440.739,2,3,3,3,5,76.0933,1,1360.18,0,0.0,0,1243,1,2112.07,5,1,WeapBerylM762_C
18,3,4,9,510.866,0,2,3,1,4,179.651,0,4468.88,0,0.0,0,1279,0,2032.43,7,1,WeapMG3_C
17,5,6,8,1179.33,0,4,28,0,0,0.0,1,2892.4,0,0.0,0,1606,1,1879.28,6,1,WeapFNFal_C
15,0,0,2,0.0,0,0,25,0,0,0.0,0,4104.74,0,0.0,0,1412,0,635.014,6,1,
32,3,1,4,150.549,0,5,7,1,3,53.4677,1,1966.87,0,67.3903,0,1140,0,2080.73,5,1,WeapP90_C
32,3,3,3,283.538,1,3,7,1,3,82.5109,0,158.009,0,197.41,0,1222,0,2225.7,13,1,WeapMk14_C
29,3,2,5,365.06,1,3,4,2,4,68.7387,2,553.986,0,0.0,0,1379,0,1901.3,5,1,WeapMG3_C
16,2,1,13,358.386,0,0,8,1,2,285.866,0,3212.74,0,0.0,0,1637,0,1486.09,6,1,WeapMk12_C
18,3,3,12,752.59,2,6,5,2,3,69.2791,0,7557.15,0,0.0,0,1910,0,1029.2,6,1,WeapMk12_C
15,1,3,8,1018.44,0,3,16,1,1,79.665,0,2850.22,0,0.0,0,1757,2,1357.3,5,1,WeapMk12_C
16,6,2,11,1124.02,1,0,2,2,5,152.674,1,4072.25,0,0.0,0,1674,0,1968.16,4,1,WeapMk12_C
16,3,2,15,778.947,0,3,2,1,5,63.2676,2,2237.36,0,0.0,0,1888,0,1771.5,5,1,WeapHK416_C
15,3,1,10,788.542,1,4,4,2,3,39.3191,1,4908.63,0,0.0,0,1899,0,2818.53,5,1,WeapMk12_C
16,0,0,2,18.9,0,0,23,0,0,0.0,0,1845.03,0,0.0,0,446,0,446.218,3,1,WeapSCAR-L_C
16,3,0,12,572.273,1,1,3,3,4,111.721,1,4745.8,0,0.0,0,1660,0,2306.12,4,1,WeapMini14_C
15,0,1,10,395.869,0,2,2,1,4,523.277,2,4507.14,0,18.0706,0,1849,0,2538.18,5,1,WeapKar98k_C
17,3,0,7,377.617,2,4,5,1,3,162.075,2,4363.34,0,0.0,0,1685,0,1492.17,4,3,WeapBerylM762_C
16,0,1,2,0.0,0,0,29,0,0,0.0,0,0.0,0,0.0,0,478,0,1302.6,4,1,WeapFNFal_C
18,4,5,6,525.985,2,2,5,1,4,134.952,0,3401.53,0,0.0,0,1674,0,2329.11,7,1,WeapBerylM762_C
17,9,4,6,798.89,1,2,1,2,7,170.962,2,6386.84,0,0.0,0,1811,0,2077.42,5,1,WeapSKS_C
16,2,0,5,299.496,0,1,7,1,2,320.55,1,2516.66,0,0.0,0,1743,0,2015.0,5,1,WeapFNFal_C
18,3,2,11,477.341,1,3,3,1,5,46.5962,3,5470.36,0,0.0,0,1648,0,2097.69,10,1,WeapGroza_C
17,2,1,13,645.412,3,5,3,1,4,329.31,1,3997.98,0,0.0,0,1570,0,2433.66,5,1,WeapKar98k_C
21,1,0,1,0.0,0,0,26,0,0,0.0,0,2475.36,0,0.160042,0,723,0,715.804,5,1,
17,2,1,10,493.538,2,3,5,1,3,157.519,0,3906.72,0,0.0,0,1580,0,2396.33,8,1,WeapMk14_C
18,2,3,11,380.13,0,4,28,0,0,0.0,0,5024.21,0,7.22439,0,1764,0,2348.97,8,1,WeapFNFal_C
18,6,3,11,795.444,3,5,3,3,6,328.922,1,1373.0,0,0.0,0,1665,0,2494.6,2,1,WeapMini14_C
16,6,2,14,559.672,1,15,1,2,8,86.9042,0,6549.44,0,0.0,0,1461,0,2150.22,7,1,WeapHK416_C
16,4,4,2,662.517,1,1,8,2,3,104.09,0,6415.44,0,0.0,0,1917,0,1516.95,2,1,WeapM24_C
17,4,1,3,402.541,4,1,4,1,4,201.953,1,1992.12,0,0.0,0,1732,0,1801.46,5,1,WeapKar98k_C
17,3,2,4,1006.9,3,6,2,2,5,261.313,3,6417.06,0,0.0,0,1715,0,1321.32,4,1,WeapHK416_C
19,2,1,3,535.339,2,3,6,2,3,81.5979,1,5567.35,0,0.0,0,1925,0,1505.85,6,1,WeapHK416_C
17,5,0,4,663.011,4,3,3,2,4,281.309,0,3909.46,0,0.0,0,1667,0,2089.97,6,1,WeapKar98k_C
16,3,2,9,384.975,1,2,6,1,3,31.6404,4,5153.38,0,0.0,0,367,0,2224.53,9,1,WeapMk14_C
17,1,2,10,326.525,1,7,9,2,2,27.3027,0,7001.6,0,0.0,0,1739,1,1337.58,8,1,WeapHK416_C
17,0,2,14,155.326,0,5,27,0,0,0.0,0,5238.02,0,0.0,0,1898,0,2601.09,7,1,WeapHK416_C
15,1,1,7,346.572,0,6,1,1,4,46.8907,0,4708.15,0,0.0,0,1536,0,2584.12,9,1,WeapBerylM762_C
28,7,2,11,766.758,2,2,2,2,8,95.5185,1,2194.66,0,0.0,0,1530,0,4208.64,8,1,WeapHK416_C
16,3,2,10,532.262,1,5,1,2,5,213.69,0,5894.99,0,0.0,0,1809,0,1816.23,4,1,WeapMk12_C
16,3,3,9,655.441,2,2,7,2,3,164.322,0,5956.5,0,0.0,0,1697,1,1550.86,10,1,WeapMk12_C
16,2,0,5,419.425,0,1,10,1,2,92.7608,3,5627.07,0,0.0,0,1827,0,1994.97,7,1,WeapFNFal_C
17,4,2,12,607.116,1,4,3,2,4,172.876,3,8726.51,0,0.0,0,1828,0,1613.46,6,1,WeapMk12_C
17,3,3,8,207.232,1,0,5,1,3,53.1246,0,9674.45,0,0.0,0,1663,0,1800.6,8,1,WeapHK416_C
17,2,4,11,246.593,0,2,11,1,1,53.5868,1,7815.99,0,1.65575,0,1732,0,1569.84,8,1,WeapHK416_C
12,2,4,9,798.71,0,14,3,2,5,56.7324,1,5158.0,0,0.0,0,1815,0,2722.88,7,1,WeapMini14_C
19,3,4,6,780.913,2,5,4,1,4,406.201,1,3417.48,0,0.0,0,1604,1,2623.05,9,1,WeapFNFal_C
16,5,4,9,1097.27,2,3,3,3,6,165.998,2,2299.83,0,0.0,0,1827,0,2177.39,4,1,WeapFNFal_C
19,0,5,3,226.094,0,2,30,0,0,0.0,0,6902.62,0,0.0,0,1505,0,1488.84,9,1,WeapKar98k_C
15,0,5,0,56.4,0,5,25,0,0,0.0,0,299.953,0,0.0,0,363,0,783.536,4,1,WeapAK47_C
16,0,1,8,149.96,0,8,24,0,0,0.0,1,3101.28,0,0.0,0,1642,0,1241.91,4,1,WeapMini14_C
16,1,5,1,0.0,0,0,23,0,0,0.0,0,6924.22,0,0.0,0,1313,0,1372.58,4,1,WeapHK416_C
16,2,3,8,270.04,0,3,15,1,1,5.34048,0,5123.85,0,4.32075,0,1758,0,2011.11,6,1,WeapAWM_C
17,2,1,3,193.007,0,3,11,1,2,89.822,1,2487.07,0,0.0,0,1440,0,1464.1,4,1,WeapFNFal_C
16,0,2,6,341.01,0,15,7,1,2,45.2825,3,5959.55,0,0.0,0,1781,0,1382.0,3,1,WeapFNFal_C
16,1,2,3,166.392,0,5,15,1,1,5.18096,1,1286.67,0,0.0,0,1541,0,1194.85,4,1,WeapBerylM762_C
17,0,3,3,330.97,1,8,16,1,1,20.9253,1,3364.49,0,0.0,0,1777,0,1652.18,4,1,WeapBerylM762_C
15,0,2,2,355.952,0,10,14,1,1,15.792,0,7198.33,0,0.0,0,1474,0,1527.04,4,1,WeapBerylM762_C
15,1,2,2,152.8,0,8,16,1,1,3.81411,1,5136.58,0,0.0,0,1046,0,937.354,6,1,WeapBerylM762_C
16,4,1,2,484.562,0,0,1,2,6,140.336,1,3409.83,0,0.0,0,1838,1,1852.03,3,1,WeapMk12_C
16,2,2,2,239.441,1,1,14,1,1,76.9059,1,3176.16,0,0.0,0,1698,0,1236.79,5,1,WeapMini14_C
15,0,3,4,89.7382,0,4,14,1,1,188.85,0,5976.8,0,0.0,0,1105,0,1221.36,6,1,WeapHK416_C
16,4,3,4,679.511,2,7,2,2,6,167.023,0,7026.54,0,0.0,0,1731,0,1700.67,3,1,WeapBerylM762_C
16,4,4,5,548.744,1,0,6,1,3,360.926,2,1238.5,0,0.0,0,1448,1,2674.37,5,1,WeapFNFal_C
16,1,0,1,152.125,2,0,11,2,2,26.2394,1,565.782,0,0.0,0,828,0,1130.29,4,13,WeapACE32_C
17,3,5,8,853.215,2,1,7,2,4,207.592,1,2462.6,0,0.0,0,1695,0,2265.81,5,1,WeapFNFal_C
17,1,2,7,446.102,0,2,10,1,2,144.043,0,3939.53,0,0.0,0,1699,0,2654.2,5,1,WeapFNFal_C
17,6,7,14,1070.16,2,2,2,3,7,236.606,0,3149.86,0,0.0,0,1580,2,1872.26,8,1,WeapMk12_C
18,5,5,14,936.219,1,5,5,2,3,202.171,0,4734.66,0,0.0,0,1820,0,1357.47,4,1,WeapMk12_C
17,5,2,12,1092.17,1,2,2,1,4,246.713,0,5464.29,0,0.0,0,1194,0,1387.44,4,1,WeapMk12_C
16,2,1,14,671.201,1,2,13,1,1,151.367,1,6000.88,0,0.0,0,1906,0,1661.16,6,1,WeapMk12_C
16,1,1,10,380.526,0,3,5,2,3,448.827,1,5786.75,0,0.0,0,1809,0,2015.54,7,1,WeapSKS_C
16,4,2,7,600.374,0,1,6,1,3,157.331,0,5340.36,0,0.0,0,1697,1,1423.72,7,1,WeapFNFal_C
17,1,2,12,658.478,0,5,9,1,2,27.2143,2,6232.71,0,0.0,0,1804,0,1803.53,5,1,WeapFNFal_C
16,3,3,10,417.709,0,2,4,2,3,180.943,0,8613.16,0,0.0,0,1650,0,1407.48,5,1,WeapFNFal_C
17,6,6,9,865.688,2,4,1,2,6,407.001,0,3207.46,0,0.0,0,1892,2,1525.91,8,1,WeapMk14_C
16,2,2,12,365.01,1,0,4,1,3,107.169,1,4001.03,0,0.0,0,1567,0,1241.26,8,1,WeapM24_C
16,5,3,9,792.322,1,4,4,1,4,73.8321,0,8081.9,0,0.0,0,1674,0,1568.69,7,1,WeapFNFal_C
16,4,3,6,279.732,0,3,4,1,4,342.117,3,5123.96,0,0.0,0,1730,1,1767.05,5,1,WeapFNFal_C
15,3,6,10,776.594,1,1,2,2,4,252.423,0,5391.79,1,79.6452,0,1442,0,1428.67,7,1,WeapMk14_C
15,1,3,6,685.825,1,1,1,1,6,266.986,0,4840.14,0,0.0,0,1641,0,1406.35,4,1,WeapHK416_C
18,4,3,3,445.425,0,1,5,3,3,77.7131,1,2649.78,0,0.0,0,1611,0,1451.39,5,1,WeapHK416_C
17,2,2,5,222.79,0,2,7,1,2,75.9177,0,6230.47,0,38.9049,0,947,0,1605.88,4,1,WeapHK416_C
17,1,0,7,247.232,2,5,4,1,3,190.361,0,4418.82,0,0.0,0,1797,0,1704.46,3,1,WeapMini14_C
18,3,2,4,733.875,0,2,2,1,4,92.0373,1,2985.28,0,0.0,0,1690,1,2464.4,3,1,WeapHK416_C
16,0,2,15,360.946,0,9,13,1,1,34.9222,1,3523.24,0,0.0,0,1622,0,1800.26,9,1,WeapGroza_C
16,4,2,12,548.028,0,1,2,2,6,59.0716,0,5356.77,0,0.0,0,1589,0,3023.74,7,1,WeapBerylM762_C
16,0,0,14,330.012,2,15,5,1,3,188.095,1,2943.78,0,0.0,0,1742,0,1930.31,6,1,WeapMk12_C
16,2,2,10,468.259,2,0,2,2,5,442.339,0,1208.7,0,2.75073,0,1312,1,2934.6,8,1,WeapMini14_C
19,6,3,5,511.859,3,0,2,2,7,197.221,1,6123.47,0,0.0,0,1801,0,1829.86,5,1,WeapKar98k_C
2,0,0,0,2087.25,7,0,1,6,22,116.941,0,0.0,0,0.0,0,364,0,0.0,18,1,WeapHK416_C
18,4,0,4,347.827,3,1,3,2,5,372.345,1,4400.65,0,0.0,0,1332,0,1826.82,5,1,WeapHK416_C
16,1,4,15,489.682,0,6,8,2,2,88.1407,0,3692.16,0,0.0,0,1688,0,2138.3,6,1,WeapHK416_C
15,5,2,12,1173.64,1,6,3,2,5,123.666,1,5952.29,0,5.98557,0,1668,1,3375.6,5,1,WeapMk12_C
17,3,3,13,636.071,1,2,2,2,5,444.934,0,6202.78,0,0.0,0,1503,0,2266.94,8,1,WeapMk12_C
16,0,0,6,0.0,0,0,26,0,0,0.0,0,5157.36,0,0.0,0,753,0,1189.28,6,1,
16,3,1,2,516.385,2,3,3,4,5,31.8892,0,2592.64,0,0.0,0,622,0,466.381,5,1,WeapAK47_C
17,2,3,1,300.0,0,1,5,1,3,262.378,0,405.946,0,0.0,0,597,1,691.308,8,1,WeapMk12_C
15,3,0,4,663.228,2,2,4,2,5,168.856,1,2267.47,0,0.0,0,1719,1,1756.9,9,1,WeapFNFal_C
16,4,2,5,774.297,0,6,3,1,4,243.433,1,5395.77,0,0.0,0,1888,1,2669.86,7,1,WeapFNFal_C
17,1,4,4,263.533,1,0,13,1,1,79.0102,4,3809.88,0,0.0,0,1450,0,2429.23,8,1,WeapFNFal_C
17,4,3,9,673.894,3,6,1,2,6,243.86,1,2796.77,0,0.0,0,1758,1,1775.35,8,1,WeapFNFal_C
27,18,0,8,1812.14,4,2,1,5,23,83.2487,0,9236.79,0,0.0,0,1617,0,1461.35,8,1,WeapWinchester_C
16,4,3,5,779.805,2,2,1,1,5,135.091,0,2277.33,0,0.0,0,1888,0,2723.34,5,1,WeapBerylM762_C
15,3,3,4,528.076,1,5,9,1,2,91.2679,0,6955.07,0,0.0,0,1899,0,2654.97,3,1,WeapFNFal_C
15,3,3,3,924.092,0,1,5,1,2,166.093,1,3798.25,0,0.0,0,1708,0,2043.14,4,1,WeapFNFal_C
16,5,5,5,721.549,2,1,3,1,5,301.053,2,6662.56,0,0.0,0,1738,0,1803.18,4,1,WeapFNFal_C
16,1,3,9,493.543,2,0,4,1,4,82.0771,0,1601.37,0,0.0,0,1684,0,2788.1,7,1,WeapHK416_C
17,4,3,9,496.877,0,5,4,3,5,57.7608,0,823.842,0,0.0,0,1225,0,2136.82,6,1,WeapBerylM762_C
18,4,8,13,902.078,0,8,3,1,5,33.98,1,5603.77,0,0.0,0,1613,0,2367.82,8,1,WeapHK416_C
17,3,2,11,517.117,4,5,1,1,6,253.966,1,5644.99,0,0.0,0,1474,0,1645.22,4,1,WeapBerylM762_C
16,1,1,0,177.91,0,0,14,1,1,2.39273,0,0.0,0,0.0,0,107,0,31.5473,2,1,WeapMk47Mutant_C
15,5,2,11,704.778,0,7,3,1,5,109.219,1,3402.92,0,0.0,0,1651,1,2024.37,4,1,WeapMini14_C
16,5,2,9,859.398,0,3,5,1,3,118.271,0,2281.77,0,0.0,0,1660,0,1815.87,9,1,WeapM24_C
17,4,3,6,540.1,0,2,24,0,0,0.0,1,3999.85,0,0.0,0,1175,0,1548.11,9,1,WeapMini14_C
16,5,6,11,1052.26,3,9,2,1,4,216.922,0,8727.75,0,0.0,0,1693,0,2135.01,7,1,WeapFNFal_C
13,4,2,3,506.036,0,0,9,1,2,58.0393,0,4713.94,0,0.0,0,933,0,1049.51,4,1,WeapHK416_C
16,10,2,8,1193.08,5,3,1,3,7,252.982,1,6727.84,0,0.0,0,1760,0,1696.14,8,1,WeapAWM_C
17,6,5,8,689.768,1,3,6,1,3,253.578,2,3281.43,0,0.0,0,1694,0,2016.13,7,1,WeapMini14_C
17,4,1,5,596.31,5,3,1,1,5,239.609,0,5249.28,0,0.0,0,1684,2,2035.06,6,1,WeapFNFal_C
33,0,2,2,134.07,0,1,10,0,0,0.0,0,6089.46,0,0.0,0,769,0,774.087,7,1,WeapHK416_C
18,0,0,0,0.0,0,0,25,0,0,0.0,0,0.0,0,0.0,0,382,0,1116.16,9,1,
16,4,3,6,634.712,3,11,2,2,5,322.403,2,3187.17,0,0.0,0,1844,0,2267.63,4,1,WeapMini14_C
17,6,2,10,902.312,4,4,1,2,8,379.721,1,2338.82,0,0.0,0,1623,0,1402.59,3,1,WeapMini14_C
16,11,3,18,1318.46,0,6,1,1,5,341.104,0,3940.1,0,0.0,0,1859,1,2044.71,9,1,WeapMk14_C
17,3,4,15,655.69,1,1,3,2,4,316.524,0,3245.05,0,0.0,0,1572,0,1584.88,5,1,WeapHK416_C
16,3,2,11,373.085,1,0,5,2,4,167.523,0,5120.07,0,0.0,0,1459,0,2174.53,8,1,WeapMk14_C
16,3,0,10,458.999,2,2,3,2,4,34.0274,3,2676.91,0,0.0,0,1788,0,2319.25,5,1,WeapHK416_C
18,0,1,0,53.58,0,0,27,0,0,0.0,0,0.0,0,0.0,0,317,0,831.354,3,1,WeapAK47_C
15,2,3,12,515.657,0,3,6,1,3,34.3172,0,6131.0,0,0.0,0,1373,0,1423.35,7,1,WeapBerylM762_C
16,1,3,8,399.72,0,1,16,1,1,6.09534,0,8133.41,0,0.0,0,1284,0,1445.31,8,1,WeapAWM_C
17,1,2,3,146.669,0,1,25,0,0,0.0,2,1897.88,0,0.0,0,1585,0,2222.22,3,1,WeapMini14_C
16,3,3,11,551.175,1,2,8,1,2,124.737,0,7386.19,0,0.0,0,1613,0,1525.75,7,1,WeapMk14_C
16,0,5,14,149.664,0,1,27,0,0,0.0,0,5007.22,0,0.0,0,1584,0,1433.3,7,1,WeapAWM_C
15,1,4,11,515.691,0,10,3,1,3,180.664,2,3759.66,0,0.0,0,1898,0,2539.6,7,1,WeapBerylM762_C
15,0,0,0,0.0,0,0,25,0,0,0.0,0,373.196,0,0.0,0,157,0,70.7477,1,1,
16,7,1,5,859.262,2,3,1,2,9,245.511,0,1359.51,0,0.0,0,1586,0,2957.84,7,1,WeapFNFal_C
25,5,0,5,831.258,1,2,1,2,8,256.618,1,6123.32,0,0.0,0,1666,0,1827.34,8,1,WeapBerylM762_C
2,0,0,0,2650.81,3,0,1,6,28,66.6059,0,0.0,0,0.0,0,492,0,0.0,37,1,WeapBerylM762_C
16,0,4,6,458.297,1,0,7,1,2,179.341,2,3686.61,0,0.0,0,1777,0,1869.68,7,1,WeapSKS_C
17,2,0,3,272.974,0,1,10,1,2,197.114,1,4436.57,0,0.0,0,1864,0,1416.12,6,1,WeapSKS_C
19,0,1,6,196.417,0,17,9,1,1,29.0331,0,3567.41,0,0.0,0,1861,0,1853.18,9,1,WeapHK416_C
16,1,0,4,290.902,0,0,5,2,3,181.402,0,5251.86,0,0.0,0,1512,0,2296.22,10,1,WeapSKS_C
20,0,1,3,182.772,0,0,8,1,1,61.4518,0,3964.11,0,0.0,0,1673,0,985.818,6,1,WeapSKS_C
16,5,3,11,414.027,0,5,5,2,3,54.0451,4,4214.16,0,0.0,0,1805,0,1854.46,3,1,WeapKar98k_C
15,0,3,11,211.378,1,2,8,1,2,96.4841,1,7482.6,0,0.0,0,1604,0,2580.22,6,1,WeapAUG_C
16,5,3,2,1526.22,1,2,2,1,5,401.244,1,4318.86,0,0.0,0,1816,0,1647.83,6,1,WeapMini14_C
16,3,2,7,660.077,0,5,2,2,4,201.232,0,4606.19,0,0.0,0,1913,0,2449.76,5,1,WeapMk12_C
18,1,2,9,169.494,1,2,6,1,3,199.378,0,6938.68,0,0.0,0,1859,0,1643.69,3,1,WeapMk12_C
16,4,2,2,375.371,1,0,6,2,3,81.5639,0,2724.3,0,0.0,0,1292,1,1227.01,6,1,WeapMk12_C
15,6,4,7,1073.72,0,1,2,2,4,142.599,0,3522.32,0,0.0,0,1708,0,1802.52,5,1,WeapFNFal_C
17,0,4,5,536.749,1,2,12,1,1,324.862,1,3379.99,0,0.0,0,1693,0,1696.08,6,1,WeapMk12_C
16,0,1,2,133.241,0,1,11,1,1,428.586,0,6876.96,0,0.0,0,1071,0,690.983,5,1,WeapHK416_C
16,1,2,3,749.653,0,3,13,1,1,36.4677,2,531.827,0,0.0,0,1588,1,1913.56,6,1,WeapMk12_C
17,10,1,1,1312.79,3,2,1,2,9,287.22,1,6093.54,0,0.0,0,1368,0,2158.93,4,5,WeapMini14_C
17,12,0,6,1060.51,1,2,1,3,8,303.71,0,3973.86,0,0.0,0,1632,0,1878.52,3,1,WeapMini14_C
19,5,1,3,718.91,1,1,1,2,7,164.045,0,5851.37,0,0.0,0,1353,0,1374.38,4,1,WeapHK416_C
16,7,0,19,999.578,3,4,1,2,6,145.438,0,3338.99,0,0.0,0,1875,0,2482.78,8,1,WeapMk12_C
15,4,3,17,921.23,0,1,9,1,2,216.567,2,3333.03,0,0.0,0,1622,0,2288.67,9,1,WeapFNFal_C
15,11,0,21,1131.38,1,4,1,2,9,244.832,2,4882.87,0,0.0,0,1700,0,1926.71,15,1,WeapFNFal_C
15,3,3,17,841.34,1,8,2,1,4,372.88,0,5985.07,0,0.0,0,1740,0,1986.65,7,1,WeapFNFal_C
17,1,3,8,318.985,1,4,3,2,4,147.892,0,2259.88,0,0.0,0,1281,0,2537.01,6,1,WeapMini14_C
16,1,3,12,579.263,0,1,8,1,2,83.959,0,1176.55,0,0.0,0,1700,0,1937.81,4,1,WeapMini14_C
16,6,3,3,606.243,4,1,2,2,6,93.5419,0,10950.7,0,0.0,0,1093,0,1293.02,6,1,WeapMini14_C
18,6,3,3,981.502,2,1,4,1,4,323.957,0,6444.27,0,0.0,0,1359,0,1237.77,6,1,WeapMini14_C
16,4,3,0,400.861,3,0,2,1,5,239.543,0,5901.67,0,0.0,0,1398,0,1324.09,6,1,WeapMini14_C
16,5,2,5,963.184,3,2,3,2,4,159.434,0,4063.41,0,0.0,0,1225,0,1499.12,5,1,WeapMini14_C
16,5,3,4,536.316,1,3,1,2,5,283.815,1,7565.85,0,0.0,0,1490,0,1445.57,8,2,WeapBerylM762_C
17,6,9,7,1026.4,1,3,3,2,7,63.3497,2,5819.64,0,0.0,0,1327,0,1935.12,8,1,WeapHK416_C
18,6,3,8,934.634,2,2,2,2,7,157.772,1,6073.13,0,0.0,0,1676,0,2671.7,8,1,WeapMini14_C
18,1,2,4,243.052,0,1,12,1,1,5.94452,1,2444.89,0,0.0,0,1224,0,1614.12,6,1,WeapSKS_C
17,3,2,6,283.119,0,0,3,1,3,169.409,2,6984.74,0,40.2563,0,1638,0,2315.62,3,1,WeapFNFal_C
17,2,3,13,399.056,1,3,4,2,3,95.6411,0,3358.52,0,0.0,0,1702,0,1848.11,7,1,WeapAK47_C
18,0,0,0,0.0,0,0,18,0,0,0.0,0,0.0,0,0.0,0,134,0,25.7747,0,1,
15,2,3,8,641.817,0,8,9,2,2,95.0339,0,2807.56,0,0.0,0,1243,0,1782.46,5,1,WeapMini14_C
16,1,0,0,100.0,1,0,15,1,1,13.7202,1,0.0,0,0.0,0,151,0,92.2686,1,1,WeapUMP_C
17,7,3,9,1034.75,2,11,2,2,8,198.871,0,4928.1,0,0.0,1,1759,1,2766.71,6,1,WeapMini14_C
17,1,5,13,611.261,0,6,4,1,4,130.988,1,2369.66,0,0.0,0,1783,0,2482.21,8,1,WeapMini14_C
14,0,5,10,358.522,0,2,5,1,3,221.031,0,2213.08,0,0.0,0,1549,0,2517.35,3,1,WeapMini14_C
16,1,2,9,290.881,0,6,14,1,1,31.1587,2,4945.05,0,0.0,0,1692,1,1404.28,6,1,WeapBerylM762_C
17,1,5,7,598.239,1,2,7,1,2,342.281,0,6629.77,0,0.0,0,1480,0,1488.26,3,1,WeapMini14_C
17,2,0,1,444.397,0,0,1,1,4,258.201,0,2746.44,0,0.0,0,1583,0,1152.6,6,1,WeapAWM_C
16,2,1,11,334.193,0,8,7,2,3,31.5976,1,3911.7,0,0.0,0,1615,1,1955.38,9,1,WeapAK47_C
16,2,6,15,601.721,1,4,7,1,3,49.9984,0,2693.06,0,0.0,0,1401,0,2224.86,6,1,WeapBerylM762_C
18,0,2,5,0.0,0,1,22,0,0,0.0,0,2923.26,0,0.0,0,932,0,1450.62,5,1,WeapBerylM762_C
16,0,3,5,104.0,0,2,13,1,1,3.70294,0,2881.43,0,0.0,0,852,0,914.6,5,1,WeapBerylM762_C
19,0,1,7,97.7797,0,2,10,1,1,29.0843,2,8838.49,0,0.0,0,1814,0,1680.83,4,1,WeapHK416_C
20,1,2,4,10.0,0,1,11,1,1,8.62914,0,7820.24,0,24.6401,0,1546,0,2507.86,4,1,WeapAK47_C
21,0,0,4,0.0,0,0,20,0,0,0.0,0,6476.74,0,0.0,0,1285,0,1245.41,4,1,
28,2,2,2,171.34,1,3,6,1,4,259.917,0,5400.9,0,0.0,0,1817,0,2883.89,9,1,WeapGroza_C
49,2,3,5,488.947,0,9,27,1,1,28.9632,1,0.0,0,0.0,0,1407,0,785.485,5,1,WeapAWM_C
16,0,0,4,38.6062,0,6,26,0,0,0.0,0,4447.11,0,0.0,0,812,0,531.505,4,1,WeapFNFal_C
16,2,3,3,571.387,4,0,2,3,5,430.568,1,3275.72,0,0.0,0,1705,0,1801.56,7,1,WeapMk12_C
16,0,5,4,649.168,0,7,7,1,2,330.633,0,1989.18,0,0.0,0,1576,1,1560.39,6,1,WeapMk12_C
17,1,6,6,303.658,0,7,16,1,1,7.10582,1,2243.2,0,0.0,0,1657,0,2259.67,4,1,WeapMk12_C
16,1,6,3,165.88,0,2,17,1,1,33.932,1,3804.73,0,0.0,0,1895,0,2086.15,5,1,WeapMini14_C
17,0,2,4,438.061,0,1,8,1,2,22.6041,1,2037.08,0,0.0,0,1824,0,2507.02,6,1,WeapHK416_C
16,0,2,3,0.0,0,1,29,0,0,0.0,0,5561.21,0,0.0,0,1726,0,2380.82,2,1,WeapM24_C
15,1,2,6,110.0,1,4,9,1,2,35.9065,1,8462.4,0,0.0,0,1740,0,2066.21,5,1,WeapHK416_C
16,0,3,2,94.71,0,0,21,0,0,0.0,0,3855.37,0,0.0,0,655,0,936.085,3,1,WeapHK416_C
17,0,2,2,187.84,0,2,15,1,1,55.4413,0,978.669,0,0.0,0,1591,0,1768.89,4,1,WeapSKS_C
25,4,1,5,478.576,1,3,6,1,5,178.644,0,4107.89,0,0.0,0,1286,0,1987.52,6,1,WeapKar98k_C
16,8,3,9,1567.16,2,4,1,3,10,318.902,0,1140.58,0,0.0,0,1904,1,2126.37,8,1,WeapFNFal_C
16,2,3,3,780.089,2,3,4,2,3,223.165,1,4996.94,0,0.0,0,1781,0,1521.14,5,1,WeapFNFal_C
19,2,3,9,366.714,0,3,10,1,2,65.5107,2,5183.35,0,0.0,0,1834,0,1412.23,7,1,WeapBerylM762_C
15,6,5,7,1176.31,1,5,1,2,7,55.776,0,6911.36,0,0.0,0,1924,1,2122.83,6,1,WeapBerylM762_C
16,4,1,10,1122.42,0,4,3,2,5,277.451,1,5278.34,0,0.0,0,1819,1,1686.91,9,1,WeapFNFal_C
15,4,6,10,968.258,2,1,3,1,5,208.481,1,6077.8,0,0.0,0,1498,1,1565.23,4,5,WeapMini14_C
16,6,1,6,1137.19,2,0,1,2,9,246.997,0,5172.45,0,0.0,0,1693,0,1344.81,6,1,WeapFNFal_C
15,3,3,9,1075.18,1,1,9,1,2,297.809,0,3717.28,0,0.0,0,1772,0,1224.04,4,1,WeapMini14_C
17,0,0,8,250.547,0,1,18,1,1,53.3261,1,2410.61,0,0.0,0,1629,0,1543.86,7,1,WeapMini14_C
16,2,5,10,1008.06,0,3,2,2,6,208.844,0,4221.72,0,0.0,0,1909,0,1412.0,8,1,WeapMini14_C
